,Brand,Battery capacity,Screen Size,Touchscreen,Internal storage,Headphones,Face unlock,Fingerprint sensor,Wireless charging,NFC,Number of SIMs,SIM Type,4G/ LTE,5G,Expandable storage,Price,3G,EDGE,GPRS,Wi-Fi,VoLTE,Usb Type,Bluetooth,OS,cpuCores,Chipset,CPU,GPS,RAM,FM Radio,Rear Camera,Flash,Front Camera,PPI,Width,Height,Weight,Fast Charging,Removable Battery,Card Slot,Launched_Month,Launched_Year,Number of Rear Cameras,Resolution_x,Resolution_y,Light Sensor,Compass Sensor,Proximity Sensor,Magnetic Sensor,Gravity Sensor,Heathtracking Sensor,Gyroscope Sensor,Accelerometar Sensor,Vibration Sensor,Laser Sensor
0,Oppo,4000,6.53,Yes,128,Yes,Yes,Yes,No,No,2.0,Nano,No,No, 256,23990,Yes,Yes,Yes,Yes,Yes,microUSB,Yes,Android,Octa,mediatek,2.1,Yes,8,No,48,LED,16,394,75.8,161.8,195,Yes,No,Yes,August,2019,4,1080,2340,1,1,1,0,0,0,1,1,0,0
1,Apple,1960,4.7,Yes,32,Yes,No,Yes,No,Yes,1.0,Nano,Yes,No,0,27499,Yes,Yes,Yes,Yes,Yes,Proprietary,Yes,iOS,Quad,apple,2.34,Yes,2,No,12,LED,7,326,67.09,138.3,138,No,No,No,September,2016,1,750,1334,1,1,1,0,0,0,1,1,0,0
2,Apple,1960,4.7,Yes,32,Yes,No,Yes,No,Yes,1.0,Nano,Yes,No,0,19890,Yes,Yes,Yes,Yes,Yes,Proprietary,Yes,iOS,Quad,apple,2.34,Yes,2,No,12,LED,7,326,67.09,138.3,138,No,No,No,September,2016,1,750,1334,1,1,1,0,0,0,1,1,0,0
3,Apple,1715,4.7,Yes,16,Yes,No,Yes,No,Yes,1.0,Nano,Yes,No,0,41999,Yes,Yes,Yes,Yes,Yes,Proprietary,Yes,iOS,Dual,apple,1.84,Yes,2,No,12,Dual LED,5,326,67.1,138.3,143,No,No,No,September,2015,1,750,1334,1,1,1,0,0,0,1,1,0,0
4,Apple,1715,4.7,Yes,16,Yes,No,Yes,No,Yes,1.0,Nano,Yes,No,0,23498,Yes,Yes,Yes,Yes,Yes,Proprietary,Yes,iOS,Dual,apple,1.84,Yes,2,No,12,Dual LED,5,326,67.1,138.3,143,No,No,No,September,2015,1,750,1334,1,1,1,0,0,0,1,1,0,0
5,Apple,1715,4.7,Yes,32,Yes,No,Yes,No,Yes,1.0,Nano,Yes,No,0,41999,Yes,Yes,Yes,Yes,Yes,Proprietary,Yes,iOS,Dual,apple,1.84,Yes,2,No,12,Dual LED,5,326,67.1,138.3,143,No,No,No,September,2015,1,750,1334,1,1,1,0,0,0,1,1,0,0
6,Apple,1715,4.7,Yes,32,Yes,No,Yes,No,Yes,1.0,Nano,Yes,No,0,23498,Yes,Yes,Yes,Yes,Yes,Proprietary,Yes,iOS,Dual,apple,1.84,Yes,2,No,12,Dual LED,5,326,67.1,138.3,143,No,No,No,September,2015,1,750,1334,1,1,1,0,0,0,1,1,0,0
7,Apple,1715,4.7,Yes,64,Yes,No,Yes,No,Yes,1.0,Nano,Yes,No,0,41999,Yes,Yes,Yes,Yes,Yes,Proprietary,Yes,iOS,Dual,apple,1.84,Yes,2,No,12,Dual LED,5,326,67.1,138.3,143,No,No,No,September,2015,1,750,1334,1,1,1,0,0,0,1,1,0,0
8,Apple,1715,4.7,Yes,64,Yes,No,Yes,No,Yes,1.0,Nano,Yes,No,0,23498,Yes,Yes,Yes,Yes,Yes,Proprietary,Yes,iOS,Dual,apple,1.84,Yes,2,No,12,Dual LED,5,326,67.1,138.3,143,No,No,No,September,2015,1,750,1334,1,1,1,0,0,0,1,1,0,0
9,Vivo,5000,6.35,Yes,64,Yes,Yes,Yes,No,No,2.0,Nano,Yes,No, 256,10990,Yes,Yes,Yes,Yes,Yes,microUSB,Yes,Android,Octa,mediatek,2,Yes,4,Yes,13,LED,8,268,76.8,159.4,190.5,No,No,Yes,May,2019,3,720,1544,1,1,1,0,0,0,0,1,0,0
10,Vivo,5000,6.35,Yes,64,Yes,Yes,Yes,No,No,2.0,Nano,Yes,No, 256,9885,Yes,Yes,Yes,Yes,Yes,microUSB,Yes,Android,Octa,mediatek,2,Yes,3,Yes,13,LED,8,268,76.8,159.4,190.5,No,No,Yes,May,2019,3,720,1544,1,1,1,0,0,0,0,1,0,0
11,Vivo,5000,6.35,Yes,32,Yes,Yes,Yes,No,No,2.0,Nano,Yes,No, 256,10990,Yes,Yes,Yes,Yes,Yes,microUSB,Yes,Android,Octa,mediatek,2,Yes,4,Yes,13,LED,8,268,76.8,159.4,190.5,No,No,Yes,May,2019,3,720,1544,1,1,1,0,0,0,0,1,0,0
12,Vivo,5000,6.35,Yes,32,Yes,Yes,Yes,No,No,2.0,Nano,Yes,No, 256,9885,Yes,Yes,Yes,Yes,Yes,microUSB,Yes,Android,Octa,mediatek,2,Yes,3,Yes,13,LED,8,268,76.8,159.4,190.5,No,No,Yes,May,2019,3,720,1544,1,1,1,0,0,0,0,1,0,0
13,Oppo,5000,6.5,Yes,128,Yes,Yes,Yes,No,No,2.0,Nano,Yes,No,256,15990,Yes,Yes,Yes,Yes,Yes,USB-C,Yes,Android,Octa,qualcomm,2,Yes,4,Yes,48,Dual LED,16,270,75.6,163.6,195,No,No,Yes,September,2019,4,720,1600,1,1,1,0,0,0,1,1,0,0
14,Oppo,5000,6.5,Yes,128,Yes,Yes,Yes,No,No,2.0,Nano,Yes,No,256,15990,Yes,Yes,Yes,Yes,Yes,USB-C,Yes,Android,Octa,qualcomm,2,Yes,4,Yes,48,Dual LED,16,270,75.6,163.6,195,No,No,Yes,September,2019,4,720,1600,1,1,1,0,0,0,1,1,0,0
15,Oppo,5000,6.5,Yes,64,Yes,Yes,Yes,No,No,2.0,Nano,Yes,No,256,12990,Yes,Yes,Yes,Yes,Yes,microUSB,Yes,Android,Octa,qualcomm,2,Yes,4,Yes,12,LED,8,270,75.6,163.6,195,No,No,Yes,September,2019,4,720,1600,1,0,1,1,0,0,1,1,0,0
16,Oppo,5000,6.5,Yes,64,Yes,Yes,Yes,No,No,2.0,Nano,Yes,No,256,12990,Yes,Yes,Yes,Yes,Yes,microUSB,Yes,Android,Octa,qualcomm,2,Yes,4,Yes,12,LED,8,270,75.6,163.6,195,No,No,Yes,September,2019,4,720,1600,1,0,1,1,0,0,1,1,0,0
17,Vivo,4500,6.38,Yes,128,Yes,Yes,Yes,No,No,2.0,Nano,Yes,No, 256,19990,Yes,Yes,Yes,Yes,Yes,USB-C,Yes,Android,Octa,qualcomm,2,Yes,8,Yes,48,LED,32,404,75.19,159.25,186.7,Yes,No,Yes,November,2019,4,1080,2340,1,1,1,0,0,0,1,1,0,0
18,Vivo,4030,6.22,Yes,32,Yes,Yes,Yes,No,No,2.0,Nano,Yes,No,256,8490,Yes,Yes,Yes,Yes,Yes,microUSB,Yes,Android,Octa,mediatek,2,Yes,3,Yes,13,LED,8,270,75.1,155.1,163.5,No,No,Yes,January,2019,2,720,1520,1,1,1,0,0,0,0,1,0,0
19,Vivo,4030,6.22,Yes,32,Yes,Yes,Yes,No,No,2.0,Nano,Yes,No,256,8490,Yes,Yes,Yes,Yes,Yes,microUSB,Yes,Android,Octa,mediatek,2,Yes,2,Yes,13,LED,8,270,75.1,155.1,163.5,No,No,Yes,January,2019,2,720,1520,1,1,1,0,0,0,0,1,0,0
20,Vivo,4030,6.22,Yes,32,Yes,Yes,Yes,No,No,2.0,Nano,Yes,No,256,8490,Yes,Yes,Yes,Yes,Yes,microUSB,Yes,Android,Octa,mediatek,2,Yes,3,Yes,13,LED,8,270,75.1,155.1,163.5,No,No,Yes,January,2019,2,720,1520,1,1,1,0,0,0,0,1,0,0
21,Vivo,4030,6.22,Yes,32,Yes,Yes,Yes,No,No,2.0,Nano,Yes,No,256,8490,Yes,Yes,Yes,Yes,Yes,microUSB,Yes,Android,Octa,mediatek,2,Yes,2,Yes,13,LED,8,270,75.1,155.1,163.5,No,No,Yes,January,2019,2,720,1520,1,1,1,0,0,0,0,1,0,0
22,Apple,2942,6.1,Yes,64,Yes,Yes,No,Yes,Yes,2.0,eSIM,Yes,No,0,42900,Yes,Yes,Yes,Yes,Yes,Proprietary,Yes,iOS,Hexa,apple,2.49,Yes,3,No,12,LED,7,324,75.7,150.9,194,Yes,No,No,September,2018,1,1792,828,1,1,1,0,0,0,1,1,0,0
23,Apple,2942,6.1,Yes,64,Yes,Yes,No,Yes,Yes,2.0,eSIM,Yes,No,0,51799,Yes,Yes,Yes,Yes,Yes,Proprietary,Yes,iOS,Hexa,apple,2.49,Yes,3,No,12,LED,7,324,75.7,150.9,194,Yes,No,No,September,2018,1,1792,828,1,1,1,0,0,0,1,1,0,0
24,Apple,2942,6.1,Yes,128,Yes,Yes,No,Yes,Yes,2.0,eSIM,Yes,No,0,42900,Yes,Yes,Yes,Yes,Yes,Proprietary,Yes,iOS,Hexa,apple,2.49,Yes,3,No,12,LED,7,324,75.7,150.9,194,Yes,No,No,September,2018,1,1792,828,1,1,1,0,0,0,1,1,0,0
25,Apple,2942,6.1,Yes,128,Yes,Yes,No,Yes,Yes,2.0,eSIM,Yes,No,0,51799,Yes,Yes,Yes,Yes,Yes,Proprietary,Yes,iOS,Hexa,apple,2.49,Yes,3,No,12,LED,7,324,75.7,150.9,194,Yes,No,No,September,2018,1,1792,828,1,1,1,0,0,0,1,1,0,0
26,Xiaomi,4000,6.3,Yes,64,Yes,Yes,Yes,No,No,2.0,Nano,Yes,No,512,12982,Yes,Yes,Yes,Yes,Yes,USB-C,Yes,Android,Octa,qualcomm,2,Yes,6,Yes,48,LED,13,403,75.3,158.3,191,Yes,No,Yes,August,2019,4,1080,2280,1,1,1,0,0,0,1,1,0,0
27,Xiaomi,4000,6.3,Yes,64,Yes,Yes,Yes,No,No,2.0,Nano,Yes,No,512,17077,Yes,Yes,Yes,Yes,Yes,USB-C,Yes,Android,Octa,qualcomm,2,Yes,4,Yes,48,LED,13,409,75.3,158.3,190,Yes,No,Yes,August,2019,4,1080,2340,1,1,1,0,0,0,1,1,0,0
28,Xiaomi,4000,6.3,Yes,64,Yes,Yes,Yes,No,No,2.0,Nano,Yes,No,512,10499,Yes,Yes,Yes,Yes,Yes,USB-C,Yes,Android,Octa,qualcomm,2,Yes,3,Yes,48,LED,13,409,75.3,158.3,190,Yes,No,Yes,August,2019,4,1080,2340,1,1,1,0,0,0,1,1,0,0
29,Xiaomi,4000,6.3,Yes,64,Yes,Yes,Yes,No,No,2.0,Nano,Yes,No,512,9999,Yes,Yes,Yes,Yes,Yes,USB-C,Yes,Android,Octa,qualcomm,2,Yes,4,Yes,48,LED,13,403,75.3,158.3,191,Yes,No,Yes,August,2019,4,1080,2280,1,1,1,0,0,0,1,1,0,0
30,Xiaomi,4000,6.3,Yes,128,Yes,Yes,Yes,No,No,2.0,Nano,Yes,No,512,12982,Yes,Yes,Yes,Yes,Yes,USB-C,Yes,Android,Octa,qualcomm,2,Yes,6,Yes,48,LED,13,403,75.3,158.3,191,Yes,No,Yes,August,2019,4,1080,2280,1,1,1,0,0,0,1,1,0,0
31,Xiaomi,4000,6.3,Yes,128,Yes,Yes,Yes,No,No,2.0,Nano,Yes,No,512,17077,Yes,Yes,Yes,Yes,Yes,USB-C,Yes,Android,Octa,qualcomm,2,Yes,4,Yes,48,LED,13,409,75.3,158.3,190,Yes,No,Yes,August,2019,4,1080,2340,1,1,1,0,0,0,1,1,0,0
32,Xiaomi,4000,6.3,Yes,128,Yes,Yes,Yes,No,No,2.0,Nano,Yes,No,512,10499,Yes,Yes,Yes,Yes,Yes,USB-C,Yes,Android,Octa,qualcomm,2,Yes,3,Yes,48,LED,13,409,75.3,158.3,190,Yes,No,Yes,August,2019,4,1080,2340,1,1,1,0,0,0,1,1,0,0
33,Xiaomi,4000,6.3,Yes,128,Yes,Yes,Yes,No,No,2.0,Nano,Yes,No,512,9999,Yes,Yes,Yes,Yes,Yes,USB-C,Yes,Android,Octa,qualcomm,2,Yes,4,Yes,48,LED,13,403,75.3,158.3,191,Yes,No,Yes,August,2019,4,1080,2280,1,1,1,0,0,0,1,1,0,0
34,Apple,3046,5.8,Yes,64,Yes,Yes,No,Yes,Yes,2.0,eSIM,Yes,No,0,110900,Yes,Yes,Yes,Yes,Yes,,Yes,iOS,Hexa,apple,2.65,Yes,4,No,12,LED,12,458,71.4,144,188,Yes,No,No,September,2019,3,1125,2436,1,0,1,1,0,0,1,1,0,0
35,Apple,3046,5.8,Yes,64,Yes,Yes,No,Yes,Yes,2.0,eSIM,Yes,No,0,96900,Yes,Yes,Yes,Yes,Yes,,Yes,iOS,Hexa,apple,2.65,Yes,4,No,12,LED,12,458,71.4,144,188,Yes,No,No,September,2019,3,1125,2436,1,0,1,1,0,0,1,1,0,0
36,Apple,3046,5.8,Yes,512,Yes,Yes,No,Yes,Yes,2.0,eSIM,Yes,No,0,110900,Yes,Yes,Yes,Yes,Yes,,Yes,iOS,Hexa,apple,2.65,Yes,4,No,12,LED,12,458,71.4,144,188,Yes,No,No,September,2019,3,1125,2436,1,0,1,1,0,0,1,1,0,0
37,Apple,3046,5.8,Yes,512,Yes,Yes,No,Yes,Yes,2.0,eSIM,Yes,No,0,96900,Yes,Yes,Yes,Yes,Yes,,Yes,iOS,Hexa,apple,2.65,Yes,4,No,12,LED,12,458,71.4,144,188,Yes,No,No,September,2019,3,1125,2436,1,0,1,1,0,0,1,1,0,0
38,Apple,3110,6.1,Yes,128,Yes,Yes,No,Yes,Yes,2.0,eSIM,Yes,No,0,68099,Yes,Yes,Yes,Yes,Yes,,Yes,iOS,Hexa,apple,2.65,Yes,4,No,12,LED,12,326,75.7,150.9,194,No,No,No,September,2019,2,828,1792,1,0,1,1,0,0,1,1,0,0
39,Apple,3110,6.1,Yes,128,Yes,Yes,No,Yes,Yes,2.0,eSIM,Yes,No,0,63499,Yes,Yes,Yes,Yes,Yes,,Yes,iOS,Hexa,apple,2.65,Yes,4,No,12,LED,12,326,75.7,150.9,194,No,No,No,September,2019,2,828,1792,1,0,1,1,0,0,1,1,0,0
40,Apple,3110,6.1,Yes,128,Yes,Yes,No,Yes,Yes,2.0,eSIM,Yes,No,0,78999,Yes,Yes,Yes,Yes,Yes,,Yes,iOS,Hexa,apple,2.65,Yes,4,No,12,LED,12,326,75.7,150.9,194,No,No,No,September,2019,2,828,1792,1,0,1,1,0,0,1,1,0,0
41,Apple,3110,6.1,Yes,64,Yes,Yes,No,Yes,Yes,2.0,eSIM,Yes,No,0,68099,Yes,Yes,Yes,Yes,Yes,,Yes,iOS,Hexa,apple,2.65,Yes,4,No,12,LED,12,326,75.7,150.9,194,No,No,No,September,2019,2,828,1792,1,0,1,1,0,0,1,1,0,0
42,Apple,3110,6.1,Yes,64,Yes,Yes,No,Yes,Yes,2.0,eSIM,Yes,No,0,63499,Yes,Yes,Yes,Yes,Yes,,Yes,iOS,Hexa,apple,2.65,Yes,4,No,12,LED,12,326,75.7,150.9,194,No,No,No,September,2019,2,828,1792,1,0,1,1,0,0,1,1,0,0
43,Apple,3110,6.1,Yes,64,Yes,Yes,No,Yes,Yes,2.0,eSIM,Yes,No,0,78999,Yes,Yes,Yes,Yes,Yes,,Yes,iOS,Hexa,apple,2.65,Yes,4,No,12,LED,12,326,75.7,150.9,194,No,No,No,September,2019,2,828,1792,1,0,1,1,0,0,1,1,0,0
44,Apple,3110,6.1,Yes,256,Yes,Yes,No,Yes,Yes,2.0,eSIM,Yes,No,0,68099,Yes,Yes,Yes,Yes,Yes,,Yes,iOS,Hexa,apple,2.65,Yes,4,No,12,LED,12,326,75.7,150.9,194,No,No,No,September,2019,2,828,1792,1,0,1,1,0,0,1,1,0,0
45,Apple,3110,6.1,Yes,256,Yes,Yes,No,Yes,Yes,2.0,eSIM,Yes,No,0,63499,Yes,Yes,Yes,Yes,Yes,,Yes,iOS,Hexa,apple,2.65,Yes,4,No,12,LED,12,326,75.7,150.9,194,No,No,No,September,2019,2,828,1792,1,0,1,1,0,0,1,1,0,0
46,Apple,3110,6.1,Yes,256,Yes,Yes,No,Yes,Yes,2.0,eSIM,Yes,No,0,78999,Yes,Yes,Yes,Yes,Yes,,Yes,iOS,Hexa,apple,2.65,Yes,4,No,12,LED,12,326,75.7,150.9,194,No,No,No,September,2019,2,828,1792,1,0,1,1,0,0,1,1,0,0
47,Vivo,3700,6.39,Yes,128,Yes,Yes,Yes,No,No,2.0,Nano,Yes,No,256,19999,Yes,Yes,Yes,Yes,Yes,microUSB,Yes,Android,Octa,qualcomm,2,Yes,8,No,48,LED,32,400,74.7,157.3,185,Yes,No,Yes,February,2019,3,1080,2316,1,1,1,0,0,0,1,1,0,0
48,Vivo,3700,6.39,Yes,128,Yes,Yes,Yes,No,No,2.0,Nano,Yes,No,256,18480,Yes,Yes,Yes,Yes,Yes,microUSB,Yes,Android,Octa,qualcomm,2,Yes,6,Yes,48,LED,32,400,74.7,157.3,185,Yes,No,Yes,February,2019,3,1080,2316,1,1,1,0,0,0,1,1,0,0
49,Vivo,3700,6.39,Yes,128,Yes,Yes,Yes,No,No,2.0,Nano,Yes,No,256,19999,Yes,Yes,Yes,Yes,Yes,microUSB,Yes,Android,Octa,qualcomm,2,Yes,8,No,48,LED,32,400,74.7,157.3,185,Yes,No,Yes,February,2019,3,1080,2316,1,1,1,0,0,0,1,1,0,0
50,Vivo,3700,6.39,Yes,128,Yes,Yes,Yes,No,No,2.0,Nano,Yes,No,256,18480,Yes,Yes,Yes,Yes,Yes,microUSB,Yes,Android,Octa,qualcomm,2,Yes,6,Yes,48,LED,32,400,74.7,157.3,185,Yes,No,Yes,February,2019,3,1080,2316,1,1,1,0,0,0,1,1,0,0
51,Vivo,3400,6.41,Yes,64,Yes,Yes,Yes,No,No,2.0,Nano,Yes,No,256,15799,Yes,Yes,Yes,Yes,Yes,microUSB,Yes,Android,Octa,qualcomm,2.2,Yes,6,Yes,12,LED,25,402,75,157.91,156,No,No,Yes,September,2018,2,1080,2340,1,1,1,0,0,0,0,1,0,0
52,Oppo,4230,6.2,Yes,32,Yes,Yes,Yes,No,No,2.0,Nano,Yes,No,256,11490,Yes,Yes,Yes,Yes,Yes,microUSB,Yes,Android,Octa,qualcomm,2,Yes,3,Yes,12,LED,8,270,75.6,163.6,195,No,No,Yes,July,2018,4,720,1600,1,0,1,1,0,0,1,1,0,0
53,Oppo,4230,6.2,Yes,32,Yes,Yes,Yes,No,No,2.0,Nano,Yes,No,256,8990,Yes,Yes,Yes,Yes,Yes,microUSB,Yes,Android,Octa,qualcomm,1.8,Yes,4,Yes,13,LED,8,271,75.6,156.1,170,No,No,Yes,July,2018,2,720,1520,1,1,1,0,0,0,0,1,0,0
54,Oppo,4230,6.2,Yes,64,Yes,Yes,Yes,No,No,2.0,Nano,Yes,No,256,11490,Yes,Yes,Yes,Yes,Yes,microUSB,Yes,Android,Octa,qualcomm,2,Yes,3,Yes,12,LED,8,270,75.6,163.6,195,No,No,Yes,July,2018,4,720,1600,1,0,1,1,0,0,1,1,0,0
55,Oppo,4230,6.2,Yes,64,Yes,Yes,Yes,No,No,2.0,Nano,Yes,No,256,8990,Yes,Yes,Yes,Yes,Yes,microUSB,Yes,Android,Octa,qualcomm,1.8,Yes,4,Yes,13,LED,8,271,75.6,156.1,170,No,No,Yes,July,2018,2,720,1520,1,1,1,0,0,0,0,1,0,0
56,Samsung,3000,5.6,Yes,64,Yes,Yes,Yes,No,No,2.0,Nano,Yes,No,256,9999,Yes,Yes,Yes,Yes,Yes,microUSB,Yes,Android,Octa,samsung,1.6,Yes,3,Yes,13,LED,8,294,70.2,149.3,154,No,No,Yes,May,2018,1,720,1480,0,0,1,0,0,0,0,1,0,0
57,Samsung,3000,5.6,Yes,64,Yes,Yes,Yes,No,No,2.0,Nano,Yes,No,256,9490,Yes,Yes,Yes,Yes,Yes,microUSB,Yes,Android,Octa,samsung,1.6,Yes,4,Yes,13,LED,8,294,70.2,149.3,154,No,No,Yes,May,2018,1,720,1480,0,0,1,0,0,0,0,1,0,0
58,Samsung,3000,5.6,Yes,32,Yes,Yes,Yes,No,No,2.0,Nano,Yes,No,256,9999,Yes,Yes,Yes,Yes,Yes,microUSB,Yes,Android,Octa,samsung,1.6,Yes,3,Yes,13,LED,8,294,70.2,149.3,154,No,No,Yes,May,2018,1,720,1480,0,0,1,0,0,0,0,1,0,0
59,Samsung,3000,5.6,Yes,32,Yes,Yes,Yes,No,No,2.0,Nano,Yes,No,256,9490,Yes,Yes,Yes,Yes,Yes,microUSB,Yes,Android,Octa,samsung,1.6,Yes,4,Yes,13,LED,8,294,70.2,149.3,154,No,No,Yes,May,2018,1,720,1480,0,0,1,0,0,0,0,1,0,0
60,OnePlus,4300,6.55,Yes,256,Yes,Yes,Yes,No,Yes,2.0,Nano,Yes,Yes,0,39999,Yes,Yes,Yes,Yes,Yes,USB-C,Yes,Android,Octa,qualcomm,2.96,Yes,8,Yes,48,LED,20,393,72.90,160.20,180.0,Yes,No,No,April,2020,3,1080,2340,1,1,1,0,0,0,1,1,0,0
61,Oppo,4230,6.2,Yes,64,Yes,No,Yes,No,No,2.0,Nano,Yes,No,256,8490,Yes,Yes,Yes,Yes,Yes,microUSB,Yes,Android,Octa,mediatek,2.3,Yes,2,Yes,13,LED,8,270,75.4,155.9,170,No,No,Yes,April,2019,2,1520,720,1,0,1,1,0,1,1,1,0,0
62,Oppo,4230,6.2,Yes,64,Yes,No,Yes,No,No,2.0,Nano,Yes,No,256,8390,Yes,Yes,Yes,Yes,Yes,microUSB,Yes,Android,Octa,mediatek,2.3,Yes,3,Yes,13,LED,8,270,75.4,155.9,170,No,No,Yes,April,2019,2,1520,720,1,0,1,1,0,1,1,1,0,0
63,Oppo,4230,6.2,Yes,64,Yes,No,Yes,No,No,2.0,Nano,Yes,No,256,10990,Yes,Yes,Yes,Yes,Yes,microUSB,Yes,Android,Octa,mediatek,2.3,Yes,4,Yes,13,LED,8,270,75.4,155.9,170,No,No,Yes,April,2019,2,1520,720,1,0,1,1,0,1,1,1,0,0
64,Oppo,4230,6.2,Yes,32,Yes,No,Yes,No,No,2.0,Nano,Yes,No,256,8490,Yes,Yes,Yes,Yes,Yes,microUSB,Yes,Android,Octa,mediatek,2.3,Yes,2,Yes,13,LED,8,270,75.4,155.9,170,No,No,Yes,April,2019,2,1520,720,1,0,1,1,0,1,1,1,0,0
65,Oppo,4230,6.2,Yes,32,Yes,No,Yes,No,No,2.0,Nano,Yes,No,256,8390,Yes,Yes,Yes,Yes,Yes,microUSB,Yes,Android,Octa,mediatek,2.3,Yes,3,Yes,13,LED,8,270,75.4,155.9,170,No,No,Yes,April,2019,2,1520,720,1,0,1,1,0,1,1,1,0,0
66,Oppo,4230,6.2,Yes,32,Yes,No,Yes,No,No,2.0,Nano,Yes,No,256,10990,Yes,Yes,Yes,Yes,Yes,microUSB,Yes,Android,Octa,mediatek,2.3,Yes,4,Yes,13,LED,8,270,75.4,155.9,170,No,No,Yes,April,2019,2,1520,720,1,0,1,1,0,1,1,1,0,0
67,Oppo,4230,6.2,Yes,32,Yes,No,Yes,No,No,2.0,Nano,Yes,No,256,8490,Yes,Yes,Yes,Yes,Yes,microUSB,Yes,Android,Octa,mediatek,2.3,Yes,2,Yes,13,LED,8,270,75.4,155.9,170,No,No,Yes,April,2019,2,1520,720,1,0,1,1,0,1,1,1,0,0
68,Oppo,4230,6.2,Yes,32,Yes,No,Yes,No,No,2.0,Nano,Yes,No,256,8390,Yes,Yes,Yes,Yes,Yes,microUSB,Yes,Android,Octa,mediatek,2.3,Yes,3,Yes,13,LED,8,270,75.4,155.9,170,No,No,Yes,April,2019,2,1520,720,1,0,1,1,0,1,1,1,0,0
69,Oppo,4230,6.2,Yes,32,Yes,No,Yes,No,No,2.0,Nano,Yes,No,256,10990,Yes,Yes,Yes,Yes,Yes,microUSB,Yes,Android,Octa,mediatek,2.3,Yes,4,Yes,13,LED,8,270,75.4,155.9,170,No,No,Yes,April,2019,2,1520,720,1,0,1,1,0,1,1,1,0,0
70,Realme,3765,6.53,Yes,128,Yes,Yes,Yes,No,No,2.0,Nano,Yes,No,0,16649,Yes,Yes,Yes,Yes,Yes,USB-C,Yes,Android,Octa,qualcomm,2.2,Yes,4,Yes,48,LED,16,394,76.1,161.3,191,Yes,No,No,July,2019,2,1080,2340,1,1,1,0,1,0,0,1,0,0
71,Realme,3765,6.53,Yes,128,Yes,Yes,Yes,No,No,2.0,Nano,Yes,No,0,19787,Yes,Yes,Yes,Yes,Yes,USB-C,Yes,Android,Octa,qualcomm,2.2,Yes,8,Yes,48,LED,16,394,76.1,161.3,191,Yes,No,No,July,2019,2,1080,2340,1,1,1,0,1,0,0,1,0,0
72,Realme,3765,6.53,Yes,128,Yes,Yes,Yes,No,No,2.0,Nano,Yes,No,0,16649,Yes,Yes,Yes,Yes,Yes,USB-C,Yes,Android,Octa,qualcomm,2.2,Yes,4,Yes,48,LED,16,394,76.1,161.3,191,Yes,No,No,July,2019,2,1080,2340,1,1,1,0,1,0,0,1,0,0
73,Realme,3765,6.53,Yes,128,Yes,Yes,Yes,No,No,2.0,Nano,Yes,No,0,19787,Yes,Yes,Yes,Yes,Yes,USB-C,Yes,Android,Octa,qualcomm,2.2,Yes,8,Yes,48,LED,16,394,76.1,161.3,191,Yes,No,No,July,2019,2,1080,2340,1,1,1,0,1,0,0,1,0,0
74,Vivo,5000,6.53,Yes,128,Yes,Yes,Yes,No,No,2.0,Nano,Yes,No, 256,12990,Yes,Yes,Yes,Yes,Yes,microUSB,Yes,Android,Octa,qualcomm,2.3,Yes,4,No,16,LED,32,395,77.33,162.39,201,Yes,No,Yes,July,2019,3,1080,2340,1,1,1,0,0,0,1,1,0,0
75,Vivo,5000,6.53,Yes,128,Yes,Yes,Yes,No,No,2.0,Nano,Yes,No, 256,13990,Yes,Yes,Yes,Yes,Yes,microUSB,Yes,Android,Octa,qualcomm,2.3,Yes,6,No,16,LED,32,395,77.33,162.39,201,Yes,No,Yes,July,2019,3,1080,2340,1,1,1,0,0,0,1,1,0,0
76,Vivo,5000,6.53,Yes,128,Yes,Yes,Yes,No,No,2.0,Nano,Yes,No, 256,15990,Yes,Yes,Yes,Yes,Yes,microUSB,Yes,Android,Octa,qualcomm,2.3,Yes,6,No,16,LED,32,395,77.33,162.39,201,Yes,No,Yes,July,2019,3,1080,2340,1,1,1,0,0,0,1,1,0,0
77,Vivo,5000,6.53,Yes,64,Yes,Yes,Yes,No,No,2.0,Nano,Yes,No, 256,12990,Yes,Yes,Yes,Yes,Yes,microUSB,Yes,Android,Octa,qualcomm,2.3,Yes,4,No,16,LED,32,395,77.33,162.39,201,Yes,No,Yes,July,2019,3,1080,2340,1,1,1,0,0,0,1,1,0,0
78,Vivo,5000,6.53,Yes,64,Yes,Yes,Yes,No,No,2.0,Nano,Yes,No, 256,13990,Yes,Yes,Yes,Yes,Yes,microUSB,Yes,Android,Octa,qualcomm,2.3,Yes,6,No,16,LED,32,395,77.33,162.39,201,Yes,No,Yes,July,2019,3,1080,2340,1,1,1,0,0,0,1,1,0,0
79,Vivo,5000,6.53,Yes,64,Yes,Yes,Yes,No,No,2.0,Nano,Yes,No, 256,15990,Yes,Yes,Yes,Yes,Yes,microUSB,Yes,Android,Octa,qualcomm,2.3,Yes,6,No,16,LED,32,395,77.33,162.39,201,Yes,No,Yes,July,2019,3,1080,2340,1,1,1,0,0,0,1,1,0,0
80,Samsung,6000,6.4,Yes,128,Yes,Yes,Yes,No,No,2.0,Nano,Yes,No,512,14999,Yes,Yes,Yes,Yes,Yes,microUSB,Yes,Android,Octa,samsung,2.3,Yes,6,Yes,48,LED,16,394,75.10,159.20,191.0,No,No,Yes,February,2020,3,1080,2280,1,0,1,0,0,0,0,1,0,0
81,Vivo,4000,6.53,Yes,64,Yes,Yes,Yes,No,No,2.0,Nano,Yes,No,256,14990,Yes,Yes,Yes,Yes,Yes,microUSB,Yes,Android,Octa,mediatek,2.1,Yes,6,Yes,24,LED,32,395,75.9,161.2,189.5,Yes,No,Yes,February,2019,3,1080,2340,1,1,1,0,0,0,1,1,0,0
82,Vivo,4030,6.22,Yes,16,Yes,Yes,No,No,No,2.0,Nano,Yes,No, 256,6980,Yes,Yes,Yes,Yes,Yes,microUSB,Yes,Android,Octa,mediatek,2,Yes,2,Yes,13,LED,8,270,75,155,163.5,No,No,Yes,March,2019,1,720,1520,1,0,1,0,0,0,0,1,0,0
83,Vivo,4030,6.22,Yes,32,Yes,Yes,No,No,No,2.0,Nano,Yes,No, 256,6980,Yes,Yes,Yes,Yes,Yes,microUSB,Yes,Android,Octa,mediatek,2,Yes,2,Yes,13,LED,8,270,75,155,163.5,No,No,Yes,March,2019,1,720,1520,1,0,1,0,0,0,0,1,0,0
84,Apple,1810,4.7,Yes,64,Yes,No,Yes,No,Yes,1.0,Nano,Yes,No,0,21999,Yes,Yes,Yes,Yes,1,Proprietary,Yes,iOS,Dual,apple,1.4,Yes,1,No,8,Dual LED,1.2,326,67,138.1,129,No,No,No,September,2014,1,750,1334,1,1,1,0,0,0,1,1,0,0
85,Apple,1810,4.7,Yes,64,Yes,No,Yes,No,Yes,1.0,Nano,Yes,No,0,35320,Yes,Yes,Yes,Yes,1,Proprietary,Yes,iOS,Dual,apple,1.4,Yes,1,No,8,Dual LED,1.2,326,67,138.1,129,No,No,No,September,2014,1,750,1334,1,1,1,0,0,0,1,1,0,0
86,Apple,1810,4.7,Yes,32,Yes,No,Yes,No,Yes,1.0,Nano,Yes,No,0,21999,Yes,Yes,Yes,Yes,1,Proprietary,Yes,iOS,Dual,apple,1.4,Yes,1,No,8,Dual LED,1.2,326,67,138.1,129,No,No,No,September,2014,1,750,1334,1,1,1,0,0,0,1,1,0,0
87,Apple,1810,4.7,Yes,32,Yes,No,Yes,No,Yes,1.0,Nano,Yes,No,0,35320,Yes,Yes,Yes,Yes,1,Proprietary,Yes,iOS,Dual,apple,1.4,Yes,1,No,8,Dual LED,1.2,326,67,138.1,129,No,No,No,September,2014,1,750,1334,1,1,1,0,0,0,1,1,0,0
88,Infinix,5000,6.52,Yes,64,Yes,Yes,Yes,No,No,2.0,Nano,No,No,256,6999,Yes,Yes,Yes,Yes,Yes,microUSB,Yes,Android,Octa,mediatek,2,Yes,4,No,13,LED,8,267,76.3,165,179,No,No,Yes,September,2019,3,720,1600,1,1,1,0,0,0,0,1,0,0
89,Apple,,6.7,Yes,128,Yes,Yes,Yes,Yes,No,2.0,eSIM,Yes,Yes,0,119999,Yes,Yes,Yes,Yes,Yes,Proprietary,Yes,iOS,Hexa,apple,2.65,Yes,6,No,13,LED,13,444,78.10,160.80,228.0,Yes,No,No,October,2020,3,1242,2688,1,1,1,0,0,0,1,1,0,0
90,Samsung,4000,6.4,Yes,64,Yes,Yes,Yes,No,No,2.0,Nano,Yes,No,512,14999,Yes,Yes,Yes,Yes,Yes,USB-C,Yes,Android,Octa,samsung,2.3,Yes,4,Yes,25,LED,25,430,74.5,158.5,166,Yes,No,Yes,February,2019,3,1080,2340,1,1,1,0,0,0,1,1,0,0
91,Samsung,4000,6.4,Yes,64,Yes,Yes,Yes,No,No,2.0,Nano,Yes,No,512,15990,Yes,Yes,Yes,Yes,Yes,USB-C,Yes,Android,Octa,samsung,2.3,Yes,6,Yes,25,LED,25,430,74.5,158.5,166,Yes,No,Yes,February,2019,3,1080,2340,1,1,1,0,0,0,1,1,0,0
92,Samsung,4000,6.4,Yes,64,Yes,Yes,Yes,No,No,2.0,Nano,Yes,No,512,14999,Yes,Yes,Yes,Yes,Yes,USB-C,Yes,Android,Octa,samsung,2.3,Yes,4,Yes,25,LED,25,430,74.5,158.5,166,Yes,No,Yes,February,2019,3,1080,2340,1,1,1,0,0,0,1,1,0,0
93,Samsung,4000,6.4,Yes,64,Yes,Yes,Yes,No,No,2.0,Nano,Yes,No,512,15990,Yes,Yes,Yes,Yes,Yes,USB-C,Yes,Android,Octa,samsung,2.3,Yes,6,Yes,25,LED,25,430,74.5,158.5,166,Yes,No,Yes,February,2019,3,1080,2340,1,1,1,0,0,0,1,1,0,0
95,Realme,3500,6.3,Yes,64,Yes,Yes,Yes,No,No,2.0,Nano,Yes,No,256,8999,Yes,Yes,Yes,Yes,Yes,microUSB,Yes,Android,Octa,qualcomm,2.2,Yes,4,No,16,LED,16,409,74,156.7,174,No,No,Yes,September,2018,2,1080,2340,1,1,1,0,0,0,1,1,0,0
96,Realme,3500,6.3,Yes,64,Yes,Yes,Yes,No,No,2.0,Nano,Yes,No,256,12999,Yes,Yes,Yes,Yes,Yes,microUSB,Yes,Android,Octa,qualcomm,2.2,Yes,8,No,16,LED,16,409,74,156.7,174,No,No,Yes,September,2018,2,1080,2340,1,1,1,0,0,0,1,1,0,0
97,Xiaomi,4500,6.53,Yes,64,Yes,Yes,Yes,No,No,2.0,Nano,Yes,No,512,15999,Yes,Yes,Yes,Yes,Yes,USB-C,Yes,Android,Octa,mediatek,2.05,Yes,6,Yes,64,LED,20,403,76.4,161.7,200,Yes,No,Yes,August,2019,4,1080,2340,1,1,1,0,0,0,1,1,0,0
98,Xiaomi,4500,6.53,Yes,64,Yes,Yes,Yes,No,No,2.0,Nano,Yes,No,512,17999,Yes,Yes,Yes,Yes,Yes,USB-C,Yes,Android,Octa,mediatek,2.05,Yes,8,Yes,64,LED,20,403,76.4,161.7,200,Yes,No,Yes,August,2019,4,1080,2340,1,1,1,0,0,0,1,1,0,0
99,Xiaomi,4500,6.53,Yes,64,Yes,Yes,Yes,No,No,2.0,Nano,Yes,No,512,14875,Yes,Yes,Yes,Yes,Yes,USB-C,Yes,Android,Octa,mediatek,2.05,Yes,6,Yes,64,LED,20,403,76.4,161.7,200,Yes,No,Yes,August,2019,4,1080,2340,1,1,1,0,0,0,1,1,0,0
100,Xiaomi,4500,6.53,Yes,128,Yes,Yes,Yes,No,No,2.0,Nano,Yes,No,512,15999,Yes,Yes,Yes,Yes,Yes,USB-C,Yes,Android,Octa,mediatek,2.05,Yes,6,Yes,64,LED,20,403,76.4,161.7,200,Yes,No,Yes,August,2019,4,1080,2340,1,1,1,0,0,0,1,1,0,0
101,Xiaomi,4500,6.53,Yes,128,Yes,Yes,Yes,No,No,2.0,Nano,Yes,No,512,17999,Yes,Yes,Yes,Yes,Yes,USB-C,Yes,Android,Octa,mediatek,2.05,Yes,8,Yes,64,LED,20,403,76.4,161.7,200,Yes,No,Yes,August,2019,4,1080,2340,1,1,1,0,0,0,1,1,0,0
102,Xiaomi,4500,6.53,Yes,128,Yes,Yes,Yes,No,No,2.0,Nano,Yes,No,512,14875,Yes,Yes,Yes,Yes,Yes,USB-C,Yes,Android,Octa,mediatek,2.05,Yes,6,Yes,64,LED,20,403,76.4,161.7,200,Yes,No,Yes,August,2019,4,1080,2340,1,1,1,0,0,0,1,1,0,0
103,Apple,,5.8,Yes,64,Yes,Yes,No,Yes,Yes,2.0,eSIM,Yes,No,0,82799,Yes,Yes,Yes,Yes,Yes,Proprietary,Yes,iOS,Hexa,apple,2.49,Yes,4,No,12,LED,7,463,70.9,143.6,177,Yes,No,No,September,2018,2,1125,2436,1,1,1,0,0,0,1,1,0,0
104,Apple,,5.8,Yes,512,Yes,Yes,No,Yes,Yes,2.0,eSIM,Yes,No,0,82799,Yes,Yes,Yes,Yes,Yes,Proprietary,Yes,iOS,Hexa,apple,2.49,Yes,4,No,12,LED,7,463,70.9,143.6,177,Yes,No,No,September,2018,2,1125,2436,1,1,1,0,0,0,1,1,0,0
105,Xiaomi,5000,6.53,Yes,64,Yes,Yes,Yes,No,No,2.0,Nano,Yes,No,512,8999,Yes,Yes,Yes,Yes,Yes,USB-C,Yes,Android,Octa,mediatek,1.8,Yes,4,No,13,LED,8,409,77.07,164.90,196.0,No,No,Yes,August,2020,2,1080,2340,1,0,1,0,0,0,1,1,0,0
106,OnePlus,3700,6.41,Yes,128,Yes,Yes,Yes,No,Yes,2.0,Nano,Yes,No,0,34999,Yes,Yes,Yes,Yes,Yes,USB-C,Yes,Android,Octa,qualcomm,2.8,Yes,8,No,20,Dual LED,16,402,74.8,157.5,185,Yes,No,No,October,2018,2,1080,2340,1,1,1,1,0,0,1,1,0,0
107,OnePlus,3700,6.41,Yes,256,Yes,Yes,Yes,No,Yes,2.0,Nano,Yes,No,0,34999,Yes,Yes,Yes,Yes,Yes,USB-C,Yes,Android,Octa,qualcomm,2.8,Yes,8,No,20,Dual LED,16,402,74.8,157.5,185,Yes,No,No,October,2018,2,1080,2340,1,1,1,1,0,0,1,1,0,0
108,Xiaomi,4030,6.08,Yes,128,Yes,Yes,Yes,No,No,2.0,Nano,Yes,No,256,14897,Yes,Yes,Yes,Yes,Yes,USB-C,Yes,Android,Octa,qualcomm,2,Yes,6,Yes,48,LED,32,286,71.9,153.5,173.8,Yes,No,Yes,July,2019,3,720,1560,1,1,1,0,0,0,1,1,0,0
109,Xiaomi,4030,6.08,Yes,128,Yes,Yes,Yes,No,No,2.0,Nano,Yes,No,256,11966,Yes,Yes,Yes,Yes,Yes,USB-C,Yes,Android,Octa,qualcomm,2,Yes,4,Yes,48,LED,32,286,71.9,153.5,173.8,Yes,No,Yes,July,2019,3,720,1560,1,1,1,0,0,0,1,1,0,0
110,Vivo,5000,6.35,Yes,128,Yes,No,Yes,No,No,2.0,Nano,No,No, 256,13900,Yes,Yes,Yes,Yes,Yes,microUSB,Yes,Android,Octa,mediatek,2.3,Yes,4,Yes,13,LED,20,271,76.77,159.43,191,Yes,No,Yes,April,2019,3,720,1544,1,0,1,0,0,0,0,1,0,0
111,Vivo,4500,6.44,Yes,128,Yes,Yes,Yes,No,No,2.0,Nano,Yes,No,256,22990,Yes,Yes,Yes,Yes,Yes,USB-C,Yes,Android,Octa,qualcomm,2,Yes,8,Yes,48,LED,32,409,74.17,159.01,176,Yes,No,Yes,November,2019,4,1080,2400,1,1,1,0,0,0,1,1,0,0
112,OnePlus,4510,6.78,Yes,128,Yes,Yes,Yes,Yes,Yes,2.0,Nano,Yes,Yes,0,45999,Yes,Yes,Yes,Yes,Yes,microUSB,Yes,Android,Octa,qualcomm,2.84,Yes,8,No,48,LED,32,514,74.4,165.3,199.0,Yes,No,No,April,2020,4,1440,3100,1,1,1,0,0,0,1,1,0,0
113,Samsung,3400,6.1,Yes,128,Yes,Yes,Yes,Yes,Yes,2.0,Nano,Yes,No,512,54499,Yes,Yes,Yes,Yes,Yes,USB-C,Yes,Android,Octa,samsung,2.7,Yes,8,No,16,Dual LED,10,551,70.4,149.9,157,Yes,No,Yes,February,2019,3,1440,3040,1,1,1,0,0,1,1,1,0,0
114,Samsung,3400,6.1,Yes,512,Yes,Yes,Yes,Yes,Yes,2.0,Nano,Yes,No,512,54499,Yes,Yes,Yes,Yes,Yes,USB-C,Yes,Android,Octa,samsung,2.7,Yes,8,No,16,Dual LED,10,551,70.4,149.9,157,Yes,No,Yes,February,2019,3,1440,3040,1,1,1,0,0,1,1,1,0,0
115,Apple,1821,4.7,Yes,64,Yes,No,Yes,No,Yes,1.0,Nano,Yes,No,0,36999,Yes,Yes,Yes,Yes,Yes,Proprietary,Yes,iOS,Hexa,apple,2.39,Yes,2,No,12,LED,7,326,67.3,138.4,148,Yes,No,No,September,2017,1,750,1334,1,1,1,0,0,0,1,1,0,0
116,Apple,1821,4.7,Yes,256,Yes,No,Yes,No,Yes,1.0,Nano,Yes,No,0,36999,Yes,Yes,Yes,Yes,Yes,Proprietary,Yes,iOS,Hexa,apple,2.39,Yes,2,No,12,LED,7,326,67.3,138.4,148,Yes,No,No,September,2017,1,750,1334,1,1,1,0,0,0,1,1,0,0
117,Apple,,6.1,Yes,64,Yes,Yes,Yes,Yes,Yes,2.0,eSIM,Yes,Yes,0,74990,Yes,Yes,Yes,Yes,Yes,USB-C,Yes,iOS,Hexa,apple,2.65,Yes,6,No,12,LED,12,495,71.50,146.70,164.0,Yes,No,No,October,2020,3,1125,2436,1,1,1,0,0,0,1,1,0,0
118,Samsung,2600,5.5,Yes,16,Yes,No,Yes,No,Yes,2.0,Nano,Yes,No,64,16800,Yes,Yes,Yes,Yes,Yes,microUSB,Yes,Android,Octa,samsung,2.2,Yes,4,Yes,24,LED,24,411,76.8,159.8,168,No,No,Yes,January,2015,3,2220,1080,1,1,1,0,0,0,1,1,0,0
119,Oppo,3765,6.5,Yes,64,Yes,Yes,Yes,No,No,2.0,Nano,Yes,No,0,18990,Yes,Yes,Yes,Yes,Yes,USB-C,Yes,Android,Octa,qualcomm,2.2,Yes,8,No,16,LED,16,396,76,161.2,191,Yes,No,No,May,2019,2,1080,2340,1,1,1,0,0,0,1,1,0,0
120,Oppo,3765,6.5,Yes,64,Yes,Yes,Yes,No,No,2.0,Nano,Yes,No,0,15990,Yes,Yes,Yes,Yes,Yes,USB-C,Yes,Android,Octa,qualcomm,2.2,Yes,6,No,16,LED,16,396,76,161.2,191,Yes,No,No,May,2019,2,1080,2340,1,1,1,0,0,0,1,1,0,0
121,Oppo,3765,6.5,Yes,128,Yes,Yes,Yes,No,No,2.0,Nano,Yes,No,0,18990,Yes,Yes,Yes,Yes,Yes,USB-C,Yes,Android,Octa,qualcomm,2.2,Yes,8,No,16,LED,16,396,76,161.2,191,Yes,No,No,May,2019,2,1080,2340,1,1,1,0,0,0,1,1,0,0
122,Oppo,3765,6.5,Yes,128,Yes,Yes,Yes,No,No,2.0,Nano,Yes,No,0,15990,Yes,Yes,Yes,Yes,Yes,USB-C,Yes,Android,Octa,qualcomm,2.2,Yes,6,No,16,LED,16,396,76,161.2,191,Yes,No,No,May,2019,2,1080,2340,1,1,1,0,0,0,1,1,0,0
123,Oppo,3700,6.4,Yes,128,Yes,Yes,Yes,No,Yes,2.0,Nano,Yes,No, 256,25000,Yes,Yes,Yes,Yes,Yes,USB-C,Yes,Android,Octa,qualcomm,2.2,Yes,8,No,20,LED,25,394,74.6,157.6,183,Yes,No,Yes,August,2018,2,1080,2280,1,1,1,0,0,0,1,1,0,0
124,Vivo,3260,6.22,Yes,32,Yes,Yes,No,No,No,2.0,Nano,Yes,No,256,8499,Yes,Yes,Yes,Yes,Yes,microUSB,Yes,Android,Octa,mediatek,2,Yes,4,No,13,LED,5,270,155.1,75,146.5,No,No,Yes,June,2018,1,1520,720,0,0,1,0,0,0,0,1,0,0
125,Vivo,3260,6.22,Yes,32,Yes,Yes,Yes,No,No,2.0,Nano,Yes,No,256,9790,Yes,Yes,Yes,Yes,Yes,microUSB,Yes,Android,Octa,mediatek,2,Yes,3,No,13,LED,5,270,155.1,75,146.5,No,No,Yes,June,2018,1,1520,720,0,0,1,0,0,0,0,1,0,0
126,Vivo,3260,6.22,Yes,32,Yes,Yes,No,No,No,2.0,Nano,Yes,No,256,8499,Yes,Yes,Yes,Yes,Yes,microUSB,Yes,Android,Octa,mediatek,2,Yes,4,No,13,LED,5,270,155.1,75,146.5,No,No,Yes,June,2018,1,1520,720,0,0,1,0,0,0,0,1,0,0
127,Vivo,3260,6.22,Yes,32,Yes,Yes,Yes,No,No,2.0,Nano,Yes,No,256,9790,Yes,Yes,Yes,Yes,Yes,microUSB,Yes,Android,Octa,mediatek,2,Yes,3,No,13,LED,5,270,155.1,75,146.5,No,No,Yes,June,2018,1,1520,720,0,0,1,0,0,0,0,1,0,0
128,OnePlus,4085,6.67,Yes,256,Yes,Yes,Yes,No,Yes,2.0,Nano,Yes,No,0,53988,Yes,Yes,Yes,Yes,Yes,USB-C,Yes,Android,Octa,qualcomm,2.96,Yes,8,No,48,Dual LED,16,516,75.9,162.6,206,Yes,No,No,October,2019,3,1440,3120,1,1,1,0,0,0,1,1,0,1
129,Apple,2691,5.5,Yes,64,Yes,No,Yes,Yes,Yes,1.0,Nano,Yes,No,0,48900,Yes,Yes,Yes,Yes,Yes,Proprietary,Yes,iOS,Hexa,apple,2.39,Yes,3,No,12,LED,7,401,78.1,158.4,202,Yes,No,No,September,2017,2,1080,1920,1,1,1,0,0,0,1,1,0,0
130,Apple,2691,5.5,Yes,256,Yes,No,Yes,Yes,Yes,1.0,Nano,Yes,No,0,48900,Yes,Yes,Yes,Yes,Yes,Proprietary,Yes,iOS,Hexa,apple,2.39,Yes,3,No,12,LED,7,401,78.1,158.4,202,Yes,No,No,September,2017,2,1080,1920,1,1,1,0,0,0,1,1,0,0
131,Vivo,4500,6.38,Yes,128,Yes,Yes,Yes,No,No,2.0,Nano,No,No,0,17499,Yes,Yes,Yes,Yes,Yes,microUSB,Yes,Android,Octa,mediatek,2,Yes,6,Yes,16,LED,32,404,75.2,159.5,179,Yes,No,Yes,July,2019,3,1080,2340,1,1,1,0,0,0,1,1,0,0
132,Vivo,4500,6.38,Yes,128,Yes,Yes,Yes,No,No,2.0,Nano,No,No,0,17990,Yes,Yes,Yes,Yes,Yes,microUSB,Yes,Android,Octa,mediatek,2,Yes,6,Yes,16,LED,32,404,75.2,159.5,179,Yes,No,Yes,July,2019,3,1080,2340,1,1,1,0,0,0,1,1,0,0
133,Vivo,4500,6.38,Yes,128,Yes,Yes,Yes,No,No,2.0,Nano,No,No,0,15649,Yes,Yes,Yes,Yes,Yes,microUSB,Yes,Android,Octa,mediatek,2,Yes,4,Yes,16,LED,32,404,75.2,159.5,179,Yes,No,Yes,July,2019,3,1080,2340,1,1,1,0,0,0,1,1,0,0
134,Vivo,4500,6.38,Yes,128,Yes,Yes,Yes,No,No,2.0,Nano,No,No,0,17499,Yes,Yes,Yes,Yes,Yes,microUSB,Yes,Android,Octa,mediatek,2,Yes,6,Yes,16,LED,32,404,75.2,159.5,179,Yes,No,Yes,July,2019,3,1080,2340,1,1,1,0,0,0,1,1,0,0
135,Vivo,4500,6.38,Yes,128,Yes,Yes,Yes,No,No,2.0,Nano,No,No,0,17990,Yes,Yes,Yes,Yes,Yes,microUSB,Yes,Android,Octa,mediatek,2,Yes,6,Yes,16,LED,32,404,75.2,159.5,179,Yes,No,Yes,July,2019,3,1080,2340,1,1,1,0,0,0,1,1,0,0
136,Vivo,4500,6.38,Yes,128,Yes,Yes,Yes,No,No,2.0,Nano,No,No,0,15649,Yes,Yes,Yes,Yes,Yes,microUSB,Yes,Android,Octa,mediatek,2,Yes,4,Yes,16,LED,32,404,75.2,159.5,179,Yes,No,Yes,July,2019,3,1080,2340,1,1,1,0,0,0,1,1,0,0
137,Vivo,4500,6.38,Yes,64,Yes,Yes,Yes,No,No,2.0,Nano,No,No,0,17499,Yes,Yes,Yes,Yes,Yes,microUSB,Yes,Android,Octa,mediatek,2,Yes,6,Yes,16,LED,32,404,75.2,159.5,179,Yes,No,Yes,July,2019,3,1080,2340,1,1,1,0,0,0,1,1,0,0
138,Vivo,4500,6.38,Yes,64,Yes,Yes,Yes,No,No,2.0,Nano,No,No,0,17990,Yes,Yes,Yes,Yes,Yes,microUSB,Yes,Android,Octa,mediatek,2,Yes,6,Yes,16,LED,32,404,75.2,159.5,179,Yes,No,Yes,July,2019,3,1080,2340,1,1,1,0,0,0,1,1,0,0
139,Vivo,4500,6.38,Yes,64,Yes,Yes,Yes,No,No,2.0,Nano,No,No,0,15649,Yes,Yes,Yes,Yes,Yes,microUSB,Yes,Android,Octa,mediatek,2,Yes,4,Yes,16,LED,32,404,75.2,159.5,179,Yes,No,Yes,July,2019,3,1080,2340,1,1,1,0,0,0,1,1,0,0
140,Realme,3410,6.0,Yes,64,Yes,Yes,No,No,No,2.0,Nano,Yes,No,256,10299,Yes,Yes,Yes,Yes,Yes,microUSB,Yes,Android,Octa,mediatek,2,Yes,4,Yes,13,LED,8,402,75.2,156.5,155,No,No,Yes,May,2018,1,1080,2160,1,1,1,0,0,0,1,1,0,0
141,Realme,3410,6.0,Yes,32,Yes,Yes,No,No,No,2.0,Nano,Yes,No,256,10299,Yes,Yes,Yes,Yes,Yes,microUSB,Yes,Android,Octa,mediatek,2,Yes,4,Yes,13,LED,8,402,75.2,156.5,155,No,No,Yes,May,2018,1,1080,2160,1,1,1,0,0,0,1,1,0,0
142,Realme,3410,6.0,Yes,128,Yes,Yes,No,No,No,2.0,Nano,Yes,No,256,10299,Yes,Yes,Yes,Yes,Yes,microUSB,Yes,Android,Octa,mediatek,2,Yes,4,Yes,13,LED,8,402,75.2,156.5,155,No,No,Yes,May,2018,1,1080,2160,1,1,1,0,0,0,1,1,0,0
143,Realme,4000,6.5,Yes,256,Yes,Yes,Yes,No,Yes,2.0,Nano,Yes,No,0,33999,Yes,Yes,Yes,Yes,Yes,USB-C,Yes,Android,Octa,qualcomm,2.96,Yes,12,No,64,Dual LED,16,402,75.7,161,199,Yes,No,No,October,2019,4,1080,2400,1,0,1,1,0,0,1,1,0,0
144,Realme,4000,6.5,Yes,256,Yes,Yes,Yes,No,Yes,2.0,Nano,Yes,No,0,28959,Yes,Yes,Yes,Yes,Yes,USB-C,Yes,Android,Octa,qualcomm,2.96,Yes,8,No,64,Dual LED,16,402,75.7,161,199,Yes,No,No,October,2019,4,1080,2400,1,0,1,1,0,0,1,1,0,0
145,Realme,4000,6.5,Yes,256,Yes,Yes,Yes,No,Yes,2.0,Nano,Yes,No,0,27999,Yes,Yes,Yes,Yes,Yes,USB-C,Yes,Android,Octa,qualcomm,2.96,Yes,6,No,64,Dual LED,16,402,75.7,161,199,Yes,No,No,October,2019,4,1080,2400,1,0,1,1,0,0,1,1,0,0
146,Realme,4000,6.5,Yes,64,Yes,Yes,Yes,No,Yes,2.0,Nano,Yes,No,0,33999,Yes,Yes,Yes,Yes,Yes,USB-C,Yes,Android,Octa,qualcomm,2.96,Yes,12,No,64,Dual LED,16,402,75.7,161,199,Yes,No,No,October,2019,4,1080,2400,1,0,1,1,0,0,1,1,0,0
147,Realme,4000,6.5,Yes,64,Yes,Yes,Yes,No,Yes,2.0,Nano,Yes,No,0,28959,Yes,Yes,Yes,Yes,Yes,USB-C,Yes,Android,Octa,qualcomm,2.96,Yes,8,No,64,Dual LED,16,402,75.7,161,199,Yes,No,No,October,2019,4,1080,2400,1,0,1,1,0,0,1,1,0,0
148,Realme,4000,6.5,Yes,64,Yes,Yes,Yes,No,Yes,2.0,Nano,Yes,No,0,27999,Yes,Yes,Yes,Yes,Yes,USB-C,Yes,Android,Octa,qualcomm,2.96,Yes,6,No,64,Dual LED,16,402,75.7,161,199,Yes,No,No,October,2019,4,1080,2400,1,0,1,1,0,0,1,1,0,0
149,Vivo,5000,6.53,Yes,128,Yes,Yes,Yes,No,No,2.0,Nano,Yes,No, 256,13800,Yes,Yes,Yes,Yes,Yes,microUSB,Yes,Android,Octa,mediatek,2,Yes,4,Yes,16,LED,16,395,76.5,162.2,193,Yes,No,Yes,November,2019,3,1080,2340,1,1,1,0,0,0,0,1,0,0
150,Vivo,4100,6.44,Yes,128,Yes,Yes,Yes,No,No,2.0,Nano,Yes,No,0,25950,Yes,Yes,Yes,Yes,Yes,USB-C,Yes,Android,Octa,qualcomm,2,Yes,8,No,48,Dual LED,32,414,74.7,159,201.8,Yes,No,No,September,2019,4,1080,2400,1,1,1,0,0,0,1,1,0,0
151,Vivo,4315,6.56,Yes,128,Yes,Yes,Yes,No,No,2.0,Nano,Yes,Yes,0,36990,Yes,Yes,Yes,Yes,Yes,USB-C,Yes,Android,Octa,qualcomm,2.96,Yes,8,Yes,64,LED,32,396,72.80,158.46,181.5,Yes,No,No,June,2020,4,1080,2340,1,1,1,0,0,0,1,1,0,0
152,Samsung,3000,5.8,Yes,64,Yes,Yes,Yes,Yes,Yes,2.0,Nano,Yes,No,400,26999,Yes,Yes,Yes,Yes,Yes,USB-C,Yes,Android,Octa,samsung,2.8,Yes,4,Yes,12,Dual LED,8,568,68.7,147.69,163,Yes,No,Yes,March,2018,1,1440,2960,1,1,1,0,0,0,1,1,0,0
153,Samsung,3000,5.8,Yes,128,Yes,Yes,Yes,Yes,Yes,2.0,Nano,Yes,No,400,26999,Yes,Yes,Yes,Yes,Yes,USB-C,Yes,Android,Octa,samsung,2.8,Yes,4,Yes,12,Dual LED,8,568,68.7,147.69,163,Yes,No,Yes,March,2018,1,1440,2960,1,1,1,0,0,0,1,1,0,0
154,Xiaomi,4000,5.99,Yes,32,Yes,Yes,Yes,No,No,2.0,Nano,Yes,No,0,8148,Yes,Yes,Yes,Yes,Yes,microUSB,Yes,Android,Octa,qualcomm,2,Yes,4,Yes,12,Dual LED,5,403,75.5,158.5,180,No,No,Yes,February,2018,1,1080,2160,1,1,1,0,0,0,1,1,0,0
155,Xiaomi,4000,5.99,Yes,64,Yes,Yes,Yes,No,No,2.0,Nano,Yes,No,0,8148,Yes,Yes,Yes,Yes,Yes,microUSB,Yes,Android,Octa,qualcomm,2,Yes,4,Yes,12,Dual LED,5,403,75.5,158.5,180,No,No,Yes,February,2018,1,1080,2160,1,1,1,0,0,0,1,1,0,0
156,Xiaomi,4000,6.39,No,128,Yes,Yes,Yes,No,No,2.0,Nano,No,No,0,24999,Yes,Yes,Yes,Yes,Yes,USB-C,Yes,Android,Octa,qualcomm,2.8,Yes,6,Yes,48,Dual LED,20,403,74.3,156.7,191,Yes,No,No,May,2019,3,1080,2340,1,1,1,0,0,0,1,1,1,0
157,Xiaomi,4000,6.39,No,128,Yes,Yes,Yes,No,No,2.0,Nano,No,No,0,27999,Yes,Yes,Yes,Yes,Yes,USB-C,Yes,Android,Octa,qualcomm,2.8,Yes,8,Yes,48,Dual LED,20,403,74.3,156.7,191,Yes,No,No,May,2019,3,1080,2340,1,1,1,0,0,0,1,1,1,0
158,Xiaomi,4000,6.39,No,256,Yes,Yes,Yes,No,No,2.0,Nano,No,No,0,24999,Yes,Yes,Yes,Yes,Yes,USB-C,Yes,Android,Octa,qualcomm,2.8,Yes,6,Yes,48,Dual LED,20,403,74.3,156.7,191,Yes,No,No,May,2019,3,1080,2340,1,1,1,0,0,0,1,1,1,0
159,Xiaomi,4000,6.39,No,256,Yes,Yes,Yes,No,No,2.0,Nano,No,No,0,27999,Yes,Yes,Yes,Yes,Yes,USB-C,Yes,Android,Octa,qualcomm,2.8,Yes,8,Yes,48,Dual LED,20,403,74.3,156.7,191,Yes,No,No,May,2019,3,1080,2340,1,1,1,0,0,0,1,1,1,0
160,Vivo,3315,6.3,Yes,64,Yes,Yes,Yes,No,No,2.0,Nano,Yes,No, 256,14050,Yes,Yes,Yes,Yes,Yes,microUSB,Yes,Android,Octa,mediatek,2,Yes,6,Yes,16,LED,25,409,75.63,155.97,163.7,No,No,Yes,September,2018,2,1080,2280,1,1,1,0,0,0,0,1,0,0
161,Xiaomi,4000,6.3,Yes,64,Yes,Yes,Yes,No,No,2.0,Nano,Yes,No,256,15084,Yes,Yes,Yes,Yes,Yes,USB-C,Yes,Android,Octa,qualcomm,2.2,Yes,6,Yes,48,LED,13,403,75.2,159.2,186,Yes,No,Yes,January,2019,2,2340,1080,1,1,1,0,0,0,1,1,0,0
162,Xiaomi,4000,6.3,Yes,64,Yes,Yes,Yes,No,No,2.0,Nano,Yes,No,256,9750,Yes,Yes,Yes,Yes,Yes,USB-C,Yes,Android,Octa,qualcomm,2.2,Yes,4,Yes,12,LED,13,403,75.2,159.2,186,Yes,No,Yes,January,2019,2,2340,1080,1,1,1,0,0,0,1,1,0,0
163,Xiaomi,4000,6.3,Yes,64,Yes,Yes,Yes,No,No,2.0,Nano,Yes,No,256,9150,Yes,Yes,Yes,Yes,Yes,USB-C,Yes,Android,Octa,qualcomm,2.2,Yes,3,Yes,12,LED,13,403,75.2,159.2,186,Yes,No,Yes,January,2019,2,2340,1080,1,1,1,0,0,0,1,1,0,0
164,Xiaomi,4000,6.3,Yes,32,Yes,Yes,Yes,No,No,2.0,Nano,Yes,No,256,15084,Yes,Yes,Yes,Yes,Yes,USB-C,Yes,Android,Octa,qualcomm,2.2,Yes,6,Yes,48,LED,13,403,75.2,159.2,186,Yes,No,Yes,January,2019,2,2340,1080,1,1,1,0,0,0,1,1,0,0
165,Xiaomi,4000,6.3,Yes,32,Yes,Yes,Yes,No,No,2.0,Nano,Yes,No,256,9750,Yes,Yes,Yes,Yes,Yes,USB-C,Yes,Android,Octa,qualcomm,2.2,Yes,4,Yes,12,LED,13,403,75.2,159.2,186,Yes,No,Yes,January,2019,2,2340,1080,1,1,1,0,0,0,1,1,0,0
166,Xiaomi,4000,6.3,Yes,32,Yes,Yes,Yes,No,No,2.0,Nano,Yes,No,256,9150,Yes,Yes,Yes,Yes,Yes,USB-C,Yes,Android,Octa,qualcomm,2.2,Yes,3,Yes,12,LED,13,403,75.2,159.2,186,Yes,No,Yes,January,2019,2,2340,1080,1,1,1,0,0,0,1,1,0,0
167,Xiaomi,4000,5.84,Yes,32,Yes,Yes,Yes,No,No,2.0,Nano,Yes,No,256,8999,Yes,Yes,Yes,Yes,Yes,microUSB,Yes,Android,Octa,qualcomm,2,Yes,4,Yes,12,Dual LED,5,432,71.7,149.3,178,No,No,Yes,September,2018,2,1080,2280,1,1,1,0,0,0,1,1,0,0
168,Xiaomi,4000,5.84,Yes,32,Yes,Yes,Yes,No,No,2.0,Nano,Yes,No,256,7890,Yes,Yes,Yes,Yes,Yes,microUSB,Yes,Android,Octa,qualcomm,2,Yes,3,Yes,12,Dual LED,5,432,71.7,149.3,178,No,No,Yes,September,2018,2,1080,2280,1,1,1,0,0,0,1,1,0,0
169,Samsung,4000,6.5,Yes,128,Yes,Yes,Yes,No,Yes,2.0,Nano,Yes,No,512,22990,Yes,Yes,Yes,Yes,Yes,USB-C,Yes,Android,Octa,samsung,2.3,Yes,6,Yes,48,LED,32,405,73.6,158.5,172,Yes,No,Yes,January,2020,4,1080,2400,1,1,1,0,0,0,1,1,0,0
170,Samsung,3700,6.7,Yes,128,Yes,Yes,Yes,No,No,2.0,Nano,Yes,No,0,37900,Yes,Yes,Yes,Yes,Yes,USB-C,Yes,Android,Octa,qualcomm,2.2,Yes,8,Yes,48,LED,0,393,76.5,165.2,220,Yes,No,No,April,2019,3,1080,2400,1,1,1,0,0,0,1,1,0,0
171,Realme,4035,6.3,Yes,64,Yes,Yes,Yes,No,No,2.0,Nano,Yes,No,256,13785,Yes,Yes,Yes,Yes,Yes,USB-C,Yes,Android,Octa,qualcomm,2.3,Yes,6,Yes,48,LED,16,409,74.2,157,184,Yes,No,Yes,August,2019,4,1080,2340,1,1,1,0,0,0,1,1,0,0
172,Realme,4035,6.3,Yes,64,Yes,Yes,Yes,No,No,2.0,Nano,Yes,No,256,12980,Yes,Yes,Yes,Yes,Yes,USB-C,Yes,Android,Octa,qualcomm,2.3,Yes,4,Yes,48,LED,16,409,74.2,157,184,Yes,No,Yes,August,2019,4,1080,2340,1,1,1,0,0,0,1,1,0,0
173,Realme,4035,6.3,Yes,64,Yes,Yes,Yes,No,No,2.0,Nano,Yes,No,256,15793,Yes,Yes,Yes,Yes,Yes,USB-C,Yes,Android,Octa,qualcomm,2.3,Yes,8,Yes,48,LED,16,409,74.2,157,184,Yes,No,Yes,August,2019,4,1080,2340,1,1,1,0,0,0,1,1,0,0
174,Realme,4035,6.3,Yes,128,Yes,Yes,Yes,No,No,2.0,Nano,Yes,No,256,13785,Yes,Yes,Yes,Yes,Yes,USB-C,Yes,Android,Octa,qualcomm,2.3,Yes,6,Yes,48,LED,16,409,74.2,157,184,Yes,No,Yes,August,2019,4,1080,2340,1,1,1,0,0,0,1,1,0,0
175,Realme,4035,6.3,Yes,128,Yes,Yes,Yes,No,No,2.0,Nano,Yes,No,256,12980,Yes,Yes,Yes,Yes,Yes,USB-C,Yes,Android,Octa,qualcomm,2.3,Yes,4,Yes,48,LED,16,409,74.2,157,184,Yes,No,Yes,August,2019,4,1080,2340,1,1,1,0,0,0,1,1,0,0
176,Realme,4035,6.3,Yes,128,Yes,Yes,Yes,No,No,2.0,Nano,Yes,No,256,15793,Yes,Yes,Yes,Yes,Yes,USB-C,Yes,Android,Octa,qualcomm,2.3,Yes,8,Yes,48,LED,16,409,74.2,157,184,Yes,No,Yes,August,2019,4,1080,2340,1,1,1,0,0,0,1,1,0,0
177,Realme,4035,6.3,Yes,64,Yes,Yes,Yes,No,No,2.0,Nano,Yes,No,256,13785,Yes,Yes,Yes,Yes,Yes,USB-C,Yes,Android,Octa,qualcomm,2.3,Yes,6,Yes,48,LED,16,409,74.2,157,184,Yes,No,Yes,August,2019,4,1080,2340,1,1,1,0,0,0,1,1,0,0
178,Realme,4035,6.3,Yes,64,Yes,Yes,Yes,No,No,2.0,Nano,Yes,No,256,12980,Yes,Yes,Yes,Yes,Yes,USB-C,Yes,Android,Octa,qualcomm,2.3,Yes,4,Yes,48,LED,16,409,74.2,157,184,Yes,No,Yes,August,2019,4,1080,2340,1,1,1,0,0,0,1,1,0,0
179,Realme,4035,6.3,Yes,64,Yes,Yes,Yes,No,No,2.0,Nano,Yes,No,256,15793,Yes,Yes,Yes,Yes,Yes,USB-C,Yes,Android,Octa,qualcomm,2.3,Yes,8,Yes,48,LED,16,409,74.2,157,184,Yes,No,Yes,August,2019,4,1080,2340,1,1,1,0,0,0,1,1,0,0
180,Vivo,5000,6.35,Yes,32,Yes,Yes,Yes,No,No,2.0,Nano,Yes,No, 256,10989,Yes,Yes,Yes,Yes,Yes,microUSB,Yes,Android,Octa,qualcomm,2,Yes,4,Yes,13,LED,8,270,76.77,159.43,191,Yes,No,Yes,September,2019,3,720,1544,1,0,1,0,0,0,0,1,0,0
181,Vivo,5000,6.35,Yes,32,Yes,Yes,Yes,No,No,2.0,Nano,Yes,No, 256,8990,Yes,Yes,Yes,Yes,Yes,microUSB,Yes,Android,Octa,qualcomm,2,Yes,3,Yes,13,LED,8,270,76.77,159.43,191,Yes,No,Yes,September,2019,3,720,1544,1,0,1,0,0,0,0,1,0,0
182,Vivo,5000,6.35,Yes,32,Yes,Yes,Yes,No,No,2.0,Nano,Yes,No, 256,9489,Yes,Yes,Yes,Yes,Yes,microUSB,Yes,Android,Octa,qualcomm,2,Yes,3,Yes,13,LED,8,270,76.77,159.43,191,Yes,No,Yes,September,2019,3,720,1544,1,0,1,0,0,0,0,1,0,0
183,Vivo,5000,6.35,Yes,64,Yes,Yes,Yes,No,No,2.0,Nano,Yes,No, 256,10989,Yes,Yes,Yes,Yes,Yes,microUSB,Yes,Android,Octa,qualcomm,2,Yes,4,Yes,13,LED,8,270,76.77,159.43,191,Yes,No,Yes,September,2019,3,720,1544,1,0,1,0,0,0,0,1,0,0
184,Vivo,5000,6.35,Yes,64,Yes,Yes,Yes,No,No,2.0,Nano,Yes,No, 256,8990,Yes,Yes,Yes,Yes,Yes,microUSB,Yes,Android,Octa,qualcomm,2,Yes,3,Yes,13,LED,8,270,76.77,159.43,191,Yes,No,Yes,September,2019,3,720,1544,1,0,1,0,0,0,0,1,0,0
185,Vivo,5000,6.35,Yes,64,Yes,Yes,Yes,No,No,2.0,Nano,Yes,No, 256,9489,Yes,Yes,Yes,Yes,Yes,microUSB,Yes,Android,Octa,qualcomm,2,Yes,3,Yes,13,LED,8,270,76.77,159.43,191,Yes,No,Yes,September,2019,3,720,1544,1,0,1,0,0,0,0,1,0,0
186,Oppo,4000,6.53,Yes,256,Yes,Yes,Yes,No,No,2.0,Nano,No,No, 256,25990,Yes,Yes,Yes,Yes,Yes,USB-C,Yes,Android,Octa,mediatek,2.2,Yes,8,No,48,LED,16,394,76,162,195,Yes,No,Yes,August,2019,4,1080,2340,1,1,1,0,0,0,1,1,0,0
187,Samsung,3500,6.0,Yes,64,Yes,Yes,Yes,No,No,2.0,Nano,Yes,No,256,14990,Yes,Yes,Yes,Yes,Yes,microUSB,Yes,Android,Octa,qualcomm,1.8,Yes,4,Yes,16,Dual LED,16,274,75.70,159.20,177.0,No,No,Yes,May,2018,2,720,1480,1,0,1,0,0,0,0,1,0,0
188,Apple,2750,5.5,Yes,16,Yes,No,Yes,No,Yes,1.0,Nano,Yes,No,0,39975,Yes,Yes,Yes,Yes,Yes,Proprietary,Yes,iOS,Dual,apple,1.84,Yes,2,No,12,Dual LED,5,401,77.9,158.19,192,No,No,No,September,2015,1,1080,1920,1,1,1,0,0,0,1,1,0,0
189,Samsung,4000,6.4,Yes,128,Yes,Yes,Yes,No,Yes,2.0,Micro,Yes,No,512,19999,Yes,Yes,Yes,Yes,Yes,USB-C,Yes,Android,Octa,samsung,2.3,Yes,6,Yes,48,LED,32,403,74.5,158.5,166,Yes,No,Yes,August,2019,3,1080,2340,1,0,1,1,0,0,1,1,0,0
190,Samsung,4000,6.4,Yes,128,Yes,Yes,Yes,No,Yes,2.0,Micro,Yes,No,512,17459,Yes,Yes,Yes,Yes,Yes,USB-C,Yes,Android,Octa,samsung,2.3,Yes,4,Yes,48,LED,32,403,74.5,158.5,166,Yes,No,Yes,August,2019,3,1080,2340,1,0,1,1,0,0,1,1,0,0
191,Samsung,4000,6.4,Yes,128,Yes,Yes,Yes,No,Yes,2.0,Micro,Yes,No,512,19999,Yes,Yes,Yes,Yes,Yes,USB-C,Yes,Android,Octa,samsung,2.3,Yes,6,Yes,48,LED,32,403,74.5,158.5,166,Yes,No,Yes,August,2019,3,1080,2340,1,0,1,1,0,0,1,1,0,0
192,Samsung,4000,6.4,Yes,128,Yes,Yes,Yes,No,Yes,2.0,Micro,Yes,No,512,17459,Yes,Yes,Yes,Yes,Yes,USB-C,Yes,Android,Octa,samsung,2.3,Yes,4,Yes,48,LED,32,403,74.5,158.5,166,Yes,No,Yes,August,2019,3,1080,2340,1,0,1,1,0,0,1,1,0,0
193,Samsung,3600,5.5,Yes,32,Yes,No,Yes,No,Yes,2.0,Nano,Yes,No,200,27999,Yes,Yes,Yes,Yes,Yes,microUSB,Yes,Android,Octa,samsung,2.3,Yes,4,No,12,LED,5,534,72.59,150.9,157,No,No,Yes,February,2016,1,1440,2560,1,1,1,0,0,0,1,1,0,0
194,Samsung,4000,6.4,Yes,64,Yes,No,Yes,No,Yes,2.0,Nano,Yes,No,512,15999,Yes,Yes,Yes,Yes,Yes,USB-C,Yes,Android,Octa,samsung,1.6,Yes,4,Yes,25,LED,16,268,74.7,158.5,169,Yes,No,Yes,August,2019,3,720,1560,1,0,1,1,0,0,1,1,0,0
195,Samsung,4000,6.4,Yes,64,Yes,No,Yes,No,Yes,2.0,Nano,Yes,No,512,14859,Yes,Yes,Yes,Yes,Yes,USB-C,Yes,Android,Octa,samsung,1.6,Yes,4,Yes,25,LED,16,268,74.7,158.5,169,Yes,No,Yes,August,2019,3,720,1560,1,0,1,1,0,0,1,1,0,0
196,Huawei,4200,6.47,Yes,256,Yes,Yes,Yes,Yes,Yes,2.0,Nano,Yes,No,256,55649,Yes,Yes,Yes,Yes,Yes,USB-C,Yes,Android,Octa,hisilicon,2.6,Yes,8,No,40,LED,32,398,72,158,192,Yes,No,Yes,March,2019,4,1080,2340,1,1,1,0,0,0,1,1,0,0
197,Realme,4230,6.2,Yes,64,Yes,Yes,Yes,No,No,2.0,Nano,No,No,256,7999,Yes,Yes,Yes,Yes,Yes,microUSB,Yes,Android,Octa,mediatek,2.1,Yes,3,Yes,13,LED,13,271,75.6,156.1,175,No,No,Yes,March,2019,2,1520,720,1,0,1,1,0,1,0,1,0,0
198,Realme,4230,6.2,Yes,64,Yes,Yes,Yes,No,No,2.0,Nano,No,No,256,8999,Yes,Yes,Yes,Yes,Yes,microUSB,Yes,Android,Octa,mediatek,2.1,Yes,4,Yes,13,LED,13,270,75.6,156.1,175,No,No,Yes,March,2019,2,720,1520,1,1,1,0,0,0,0,1,0,0
199,Realme,4230,6.2,Yes,64,Yes,Yes,Yes,No,No,2.0,Nano,No,No,256,6999,Yes,Yes,Yes,Yes,Yes,microUSB,Yes,Android,Octa,mediatek,2.1,Yes,3,Yes,13,LED,13,271,75.6,156.1,175,No,No,Yes,March,2019,2,1520,720,1,0,1,1,0,1,0,1,0,0
200,Realme,4230,6.2,Yes,32,Yes,Yes,Yes,No,No,2.0,Nano,No,No,256,7999,Yes,Yes,Yes,Yes,Yes,microUSB,Yes,Android,Octa,mediatek,2.1,Yes,3,Yes,13,LED,13,271,75.6,156.1,175,No,No,Yes,March,2019,2,1520,720,1,0,1,1,0,1,0,1,0,0
201,Realme,4230,6.2,Yes,32,Yes,Yes,Yes,No,No,2.0,Nano,No,No,256,8999,Yes,Yes,Yes,Yes,Yes,microUSB,Yes,Android,Octa,mediatek,2.1,Yes,4,Yes,13,LED,13,270,75.6,156.1,175,No,No,Yes,March,2019,2,720,1520,1,1,1,0,0,0,0,1,0,0
202,Realme,4230,6.2,Yes,32,Yes,Yes,Yes,No,No,2.0,Nano,No,No,256,6999,Yes,Yes,Yes,Yes,Yes,microUSB,Yes,Android,Octa,mediatek,2.1,Yes,3,Yes,13,LED,13,271,75.6,156.1,175,No,No,Yes,March,2019,2,1520,720,1,0,1,1,0,1,0,1,0,0
203,Realme,4230,6.2,Yes,64,Yes,Yes,Yes,No,No,2.0,Nano,No,No,256,7999,Yes,Yes,Yes,Yes,Yes,microUSB,Yes,Android,Octa,mediatek,2.1,Yes,3,Yes,13,LED,13,271,75.6,156.1,175,No,No,Yes,March,2019,2,1520,720,1,0,1,1,0,1,0,1,0,0
204,Realme,4230,6.2,Yes,64,Yes,Yes,Yes,No,No,2.0,Nano,No,No,256,8999,Yes,Yes,Yes,Yes,Yes,microUSB,Yes,Android,Octa,mediatek,2.1,Yes,4,Yes,13,LED,13,270,75.6,156.1,175,No,No,Yes,March,2019,2,720,1520,1,1,1,0,0,0,0,1,0,0
205,Realme,4230,6.2,Yes,64,Yes,Yes,Yes,No,No,2.0,Nano,No,No,256,6999,Yes,Yes,Yes,Yes,Yes,microUSB,Yes,Android,Octa,mediatek,2.1,Yes,3,Yes,13,LED,13,271,75.6,156.1,175,No,No,Yes,March,2019,2,1520,720,1,0,1,1,0,1,0,1,0,0
206,Tecno,3000,6.1,Yes,16,Yes,Yes,No,No,No,2.0,Nano,Yes,No,256,5279,Yes,Yes,Yes,Yes,Yes,microUSB,Yes,Android,Quad,mediatek,2,Yes,2,Yes,8,Dual LED,5,273,,,,No,Yes,Yes,August,2019,1,720,1500,1,0,1,0,0,0,0,1,0,0
207,Nokia,3000,5.5,Yes,32,Yes,No,Yes,No,Yes,2.0,Nano,Yes,No,128,9999,Yes,Yes,Yes,Yes,Yes,USB-C,Yes,Android,Octa,qualcomm,2.2,Yes,4,Yes,16,Dual LED,8,401,75.8,148.8,172,Yes,No,Yes,January,2018,1,1080,1920,1,1,1,0,0,0,1,1,0,0
208,Samsung,3300,6.3,Yes,64,Yes,Yes,Yes,Yes,Yes,2.0,Nano,Yes,No,256,49999,Yes,Yes,Yes,Yes,Yes,USB-C,Yes,Android,Octa,samsung,2.3,Yes,6,No,12,Dual LED,8,522,74.59,162.5,195,Yes,No,Yes,August,2017,2,1440,2960,1,1,1,0,0,1,1,1,0,0
209,Xiaomi,3300,5.7,Yes,32,Yes,No,Yes,No,No,2.0,Nano,Yes,No, 128,5999,Yes,Yes,Yes,Yes,Yes,microUSB,Yes,Android,Octa,qualcomm,1.8,Yes,3,Yes,12,LED,5,282,72.8,151.8,157,No,No,Yes,December,2017,1,720,1440,1,1,1,0,0,0,1,1,0,0
210,Vivo,3360,6.0,Yes,32,Yes,No,No,No,No,2.0,Nano,Yes,No,0,12990,Yes,Yes,Yes,Yes,Yes,microUSB,Yes,Android,Quad,qualcomm,1.4,Yes,4,Yes,13,LED,5,268,75.7,155.9,150,No,No,Yes,April,2018,1,720,1440,1,1,1,0,0,0,1,1,0,0
211,Vivo,3360,6.0,Yes,16,Yes,No,No,No,No,2.0,Nano,Yes,No,0,12990,Yes,Yes,Yes,Yes,Yes,microUSB,Yes,Android,Quad,qualcomm,1.4,Yes,4,Yes,13,LED,5,268,75.7,155.9,150,No,No,Yes,April,2018,1,720,1440,1,1,1,0,0,0,1,1,0,0
212,Xiaomi,4000,6.26,Yes,64,Yes,No,Yes,No,No,2.0,Nano,Yes,No, 256,9487,Yes,Yes,Yes,Yes,Yes,microUSB,Yes,Android,Octa,qualcomm,1.8,Yes,4,Yes,12,Dual LED,20,403,76.4,157.9,182,Yes,No,Yes,September,2018,2,1080,2280,1,1,1,0,0,0,1,1,0,0
213,Xiaomi,4000,6.26,Yes,64,Yes,No,Yes,No,No,2.0,Nano,Yes,No, 256,13266,Yes,Yes,Yes,Yes,Yes,microUSB,Yes,Android,Octa,qualcomm,1.8,Yes,3,Yes,12,Dual LED,20,403,76.4,157.9,182,Yes,No,Yes,September,2018,2,1080,2280,1,1,1,0,0,0,1,1,0,0
214,Xiaomi,4000,6.26,Yes,64,Yes,No,Yes,No,No,2.0,Nano,Yes,No, 256,9487,Yes,Yes,Yes,Yes,Yes,microUSB,Yes,Android,Octa,qualcomm,1.8,Yes,4,Yes,12,Dual LED,20,403,76.4,157.9,182,Yes,No,Yes,September,2018,2,1080,2280,1,1,1,0,0,0,1,1,0,0
215,Xiaomi,4000,6.26,Yes,64,Yes,No,Yes,No,No,2.0,Nano,Yes,No, 256,13266,Yes,Yes,Yes,Yes,Yes,microUSB,Yes,Android,Octa,qualcomm,1.8,Yes,3,Yes,12,Dual LED,20,403,76.4,157.9,182,Yes,No,Yes,September,2018,2,1080,2280,1,1,1,0,0,0,1,1,0,0
216,Vivo,5000,6.53,Yes,64,Yes,Yes,Yes,No,No,2.0,Nano,Yes,No,256,10990,Yes,Yes,Yes,Yes,Yes,microUSB,Yes,Android,Octa,qualcomm,2,Yes,4,Yes,16,LED,16,395,76.47,162.15,193,Yes,No,Yes,November,2019,3,1080,2340,1,1,1,0,0,0,0,1,0,0
217,Xiaomi,3080,5.99,Yes,32,Yes,Yes,Yes,No,No,2.0,Nano,Yes,No,256,8490,Yes,Yes,Yes,Yes,Yes,microUSB,Yes,Android,Octa,qualcomm,2,Yes,3,Yes,12,Dual LED,16,269,77.3,160.7,170,No,No,Yes,June,2018,2,720,1440,1,1,1,0,0,0,1,1,0,0
218,Xiaomi,3080,5.99,Yes,32,Yes,Yes,Yes,No,No,2.0,Nano,Yes,No,256,9458,Yes,Yes,Yes,Yes,Yes,microUSB,Yes,Android,Octa,qualcomm,2,Yes,4,Yes,12,Dual LED,16,269,77.3,160.7,170,No,No,Yes,June,2018,2,720,1440,1,1,1,0,0,0,1,1,0,0
219,Xiaomi,3080,5.99,Yes,64,Yes,Yes,Yes,No,No,2.0,Nano,Yes,No,256,8490,Yes,Yes,Yes,Yes,Yes,microUSB,Yes,Android,Octa,qualcomm,2,Yes,3,Yes,12,Dual LED,16,269,77.3,160.7,170,No,No,Yes,June,2018,2,720,1440,1,1,1,0,0,0,1,1,0,0
220,Xiaomi,3080,5.99,Yes,64,Yes,Yes,Yes,No,No,2.0,Nano,Yes,No,256,9458,Yes,Yes,Yes,Yes,Yes,microUSB,Yes,Android,Octa,qualcomm,2,Yes,4,Yes,12,Dual LED,16,269,77.3,160.7,170,No,No,Yes,June,2018,2,720,1440,1,1,1,0,0,0,1,1,0,0
221,Samsung,2600,5.0,Yes,8,Yes,No,No,No,No,2.0,Micro,No,No,128,11390,Yes,Yes,Yes,Yes,1,microUSB,Yes,Android,Quad,qualcomm,1.2,Yes,1.5,Yes,13,LED,5,294,73,142,149,No,Yes,Yes,June,2015,1,720,1280,1,0,1,0,0,0,0,1,0,0
222,Vivo,4030,6.22,Yes,16,Yes,Yes,No,No,No,2.0,Nano,No,No,512,6490,Yes,Yes,Yes,Yes,Yes,microUSB,Yes,Android,Quad,mediatek,2,Yes,2,Yes,8,LED,5,270,75,155.1,163.5,No,No,Yes,July,2019,1,720,1520,1,1,1,0,0,0,0,1,0,0
223,Realme,4000,6.4,Yes,128,Yes,Yes,Yes,No,No,2.0,Nano,Yes,No, 256,16969,Yes,Yes,Yes,Yes,Yes,USB-C,Yes,Android,Octa,qualcomm,2.2,Yes,4,No,64,LED,32,402,75.2,158.7,182,Yes,No,Yes,December,2019,4,1080,2340,1,1,1,0,0,0,1,1,0,0
224,Realme,4000,6.4,Yes,128,Yes,Yes,Yes,No,No,2.0,Nano,Yes,No, 256,19799,Yes,Yes,Yes,Yes,Yes,USB-C,Yes,Android,Octa,qualcomm,2.2,Yes,8,No,64,LED,32,402,75.2,158.7,182,Yes,No,Yes,December,2019,4,1080,2340,1,1,1,0,0,0,1,1,0,0
225,Vivo,4030,6.2,Yes,64,Yes,Yes,Yes,No,No,2.0,Nano,No,No,128,9999,Yes,Yes,Yes,Yes,Yes,microUSB,Yes,Android,Octa,mediatek,2,Yes,3,Yes,13,LED,8,407,75.1,155.1,163.5,No,No,Yes,October,2018,2,1520,720,1,1,1,0,0,0,0,1,0,0
226,Vivo,4030,6.2,Yes,32,Yes,Yes,Yes,No,No,2.0,Nano,No,No,128,9999,Yes,Yes,Yes,Yes,Yes,microUSB,Yes,Android,Octa,mediatek,2,Yes,3,Yes,13,LED,8,407,75.1,155.1,163.5,No,No,Yes,October,2018,2,1520,720,1,1,1,0,0,0,0,1,0,0
227,Samsung,6000,6.4,Yes,64,Yes,Yes,Yes,No,No,2.0,Nano,Yes,No,512,14999,Yes,Yes,Yes,Yes,Yes,USB-C,Yes,Android,Octa,samsung,2.3,Yes,6,Yes,48,LED,16,411,75.1,159,188,Yes,No,Yes,September,2019,3,1080,2280,1,0,1,1,0,0,1,1,0,0
228,Samsung,6000,6.4,Yes,64,Yes,Yes,Yes,No,No,2.0,Nano,Yes,No,512,12999,Yes,Yes,Yes,Yes,Yes,USB-C,Yes,Android,Octa,samsung,2.3,Yes,4,Yes,48,LED,16,411,75.1,159,188,Yes,No,Yes,September,2019,3,1080,2280,1,0,1,1,0,0,1,1,0,0
229,Samsung,3000,5.5,Yes,16,Yes,No,No,No,No,2.0,Micro,No,No,128,15725,Yes,Yes,Yes,Yes,Yes,microUSB,Yes,Android,Octa,samsung,1.5,Yes,1.5,Yes,13,LED,5,267,79.09,152.19,169,No,Yes,Yes,June,2015,1,720,1280,1,0,1,0,0,0,0,1,0,0
230,Huawei,4000,6.59,Yes,128,Yes,Yes,Yes,No,Yes,2.0,Nano,Yes,No,512,15990,Yes,Yes,Yes,Yes,Yes,USB-C,Yes,Android,Octa,hisilicon,2.2,Yes,4,No,16,LED,16,391,77.3,163.5,196.8,No,No,Yes,May,2019,3,1080,2340,1,1,1,0,0,0,1,1,0,0
231,Samsung,4500,6.7,Yes,128,Yes,Yes,Yes,No,No,2.0,Nano,No,No,512,27999,Yes,Yes,Yes,Yes,Yes,USB-C,Yes,Android,Octa,qualcomm,2,Yes,8,Yes,64,LED,32,393,,,,Yes,No,Yes,September,2019,3,1080,2400,1,1,1,0,0,0,1,1,0,0
232,Samsung,4500,6.7,Yes,128,Yes,Yes,Yes,No,No,2.0,Nano,No,No,512,25999,Yes,Yes,Yes,Yes,Yes,USB-C,Yes,Android,Octa,qualcomm,2,Yes,6,Yes,64,LED,32,393,,,,Yes,No,Yes,September,2019,3,1080,2400,1,1,1,0,0,0,1,1,0,0
233,Samsung,4500,6.7,Yes,128,Yes,Yes,Yes,No,No,2.0,Nano,No,No,512,27999,Yes,Yes,Yes,Yes,Yes,USB-C,Yes,Android,Octa,qualcomm,2,Yes,8,Yes,64,LED,32,393,,,,Yes,No,Yes,September,2019,3,1080,2400,1,1,1,0,0,0,1,1,0,0
234,Samsung,4500,6.7,Yes,128,Yes,Yes,Yes,No,No,2.0,Nano,No,No,512,25999,Yes,Yes,Yes,Yes,Yes,USB-C,Yes,Android,Octa,qualcomm,2,Yes,6,Yes,64,LED,32,393,,,,Yes,No,Yes,September,2019,3,1080,2400,1,1,1,0,0,0,1,1,0,0
235,Apple,3969,6.5,Yes,64,Yes,Yes,No,Yes,Yes,2.0,eSIM,Yes,No,0,119999,Yes,Yes,Yes,Yes,Yes,,Yes,iOS,Hexa,apple,2.65,Yes,4,No,12,LED,12,458,77.8,158,226,Yes,No,No,September,2019,3,1242,2688,1,0,1,1,0,0,1,1,0,0
236,Apple,3969,6.5,Yes,64,Yes,Yes,No,Yes,Yes,2.0,eSIM,Yes,No,0,115499,Yes,Yes,Yes,Yes,Yes,,Yes,iOS,Hexa,apple,2.65,Yes,4,No,12,LED,12,458,77.8,158,226,Yes,No,No,September,2019,3,1242,2688,1,0,1,1,0,0,1,1,0,0
237,Apple,3969,6.5,Yes,64,Yes,Yes,No,Yes,Yes,2.0,eSIM,Yes,No,0,106900,Yes,Yes,Yes,Yes,Yes,,Yes,iOS,Hexa,apple,2.65,Yes,4,No,12,LED,12,458,77.8,158,226,Yes,No,No,September,2019,3,1242,2688,1,0,1,1,0,0,1,1,0,0
238,Apple,3969,6.5,Yes,512,Yes,Yes,No,Yes,Yes,2.0,eSIM,Yes,No,0,119999,Yes,Yes,Yes,Yes,Yes,,Yes,iOS,Hexa,apple,2.65,Yes,4,No,12,LED,12,458,77.8,158,226,Yes,No,No,September,2019,3,1242,2688,1,0,1,1,0,0,1,1,0,0
239,Apple,3969,6.5,Yes,512,Yes,Yes,No,Yes,Yes,2.0,eSIM,Yes,No,0,115499,Yes,Yes,Yes,Yes,Yes,,Yes,iOS,Hexa,apple,2.65,Yes,4,No,12,LED,12,458,77.8,158,226,Yes,No,No,September,2019,3,1242,2688,1,0,1,1,0,0,1,1,0,0
240,Apple,3969,6.5,Yes,512,Yes,Yes,No,Yes,Yes,2.0,eSIM,Yes,No,0,106900,Yes,Yes,Yes,Yes,Yes,,Yes,iOS,Hexa,apple,2.65,Yes,4,No,12,LED,12,458,77.8,158,226,Yes,No,No,September,2019,3,1242,2688,1,0,1,1,0,0,1,1,0,0
241,Realme,4300,6.5,Yes,64,Yes,Yes,Yes,No,No,2.0,Nano,Yes,No,256,10990,Yes,Yes,Yes,Yes,Yes,USB-C,Yes,Android,Octa,qualcomm,2.2,Yes,4,No,48,LED,20,403,74.80,162.10,191.0,Yes,No,Yes,March,2020,4,1080,2340,1,0,1,0,0,0,1,1,0,0
242,Samsung,3500,6.3,Yes,256,Yes,Yes,Yes,Yes,Yes,2.0,Nano,Yes,No,0,69999,Yes,Yes,Yes,Yes,Yes,USB-C,Yes,Android,Octa,qualcomm,2.73,Yes,8,Yes,16,LED,10,401,71.8,151,168,Yes,No,Yes,August,2019,3,1080,2280,1,1,1,0,0,1,1,1,0,0
243,Apple,2900,5.5,Yes,128,Yes,No,Yes,No,No,1.0,Nano,Yes,No,0,54999,Yes,Yes,Yes,Yes,Yes,Proprietary,Yes,iOS,Quad,apple,2.34,Yes,3,No,12,LED,7,401,77.9,158.19,188,No,No,No,September,2016,2,1080,1920,1,1,1,0,0,0,1,1,0,0
244,Apple,2900,5.5,Yes,128,Yes,No,Yes,No,No,1.0,Nano,Yes,No,0,54990,Yes,Yes,Yes,Yes,Yes,Proprietary,Yes,iOS,Quad,apple,2.34,Yes,3,No,12,LED,7,401,77.9,158.19,188,No,No,No,September,2016,2,1080,1920,1,1,1,0,0,0,1,1,0,0
245,Apple,2900,5.5,Yes,128,Yes,No,Yes,No,No,1.0,Nano,Yes,No,0,34999,Yes,Yes,Yes,Yes,Yes,Proprietary,Yes,iOS,Quad,apple,2.34,Yes,3,No,12,LED,7,401,77.9,158.19,188,No,No,No,September,2016,2,1080,1920,1,1,1,0,0,0,1,1,0,0
246,Samsung,"4,500",6.7,Yes,128,Yes,Yes,Yes,No,Yes,2.0,Nano,Yes,No,1000,39999,Yes,Yes,Yes,Yes,Yes,USB-C,Yes,Android,Octa,qualcomm,2.8,Yes,8,No,48,LED,32,394,75.6,162.5,186,Yes,No,Yes,January,2020,3,1080,2400,1,1,1,0,0,0,1,1,0,0
247,Vivo,4500,6.38,Yes,64,Yes,Yes,Yes,No,No,2.0,Nano,Yes,No,0,15990,Yes,Yes,Yes,Yes,Yes,USB-C,Yes,Android,Octa,qualcomm,2.3,Yes,6,No,48,LED,32,404,75.23,159.53,189.6,Yes,No,No,September,2019,3,1080,2340,1,1,1,0,0,0,1,1,0,0
248,Vivo,4500,6.38,Yes,64,Yes,Yes,Yes,No,No,2.0,Nano,Yes,No,0,16990,Yes,Yes,Yes,Yes,Yes,USB-C,Yes,Android,Octa,qualcomm,2.3,Yes,6,No,48,LED,32,404,75.23,159.53,189.6,Yes,No,No,September,2019,3,1080,2340,1,1,1,0,0,0,1,1,0,0
249,Vivo,4500,6.38,Yes,64,Yes,Yes,Yes,No,No,2.0,Nano,Yes,No,0,17990,Yes,Yes,Yes,Yes,Yes,USB-C,Yes,Android,Octa,qualcomm,2.3,Yes,8,No,48,LED,32,404,75.23,159.53,189.6,Yes,No,No,September,2019,3,1080,2340,1,1,1,0,0,0,1,1,0,0
250,Vivo,4500,6.38,Yes,64,Yes,Yes,Yes,No,No,2.0,Nano,Yes,No,0,14990,Yes,Yes,Yes,Yes,Yes,USB-C,Yes,Android,Octa,qualcomm,2.3,Yes,4,No,48,LED,32,404,75.23,159.53,189.6,Yes,No,No,September,2019,3,1080,2340,1,1,1,0,0,0,1,1,0,0
251,Vivo,4500,6.38,Yes,128,Yes,Yes,Yes,No,No,2.0,Nano,Yes,No,0,15990,Yes,Yes,Yes,Yes,Yes,USB-C,Yes,Android,Octa,qualcomm,2.3,Yes,6,No,48,LED,32,404,75.23,159.53,189.6,Yes,No,No,September,2019,3,1080,2340,1,1,1,0,0,0,1,1,0,0
252,Vivo,4500,6.38,Yes,128,Yes,Yes,Yes,No,No,2.0,Nano,Yes,No,0,16990,Yes,Yes,Yes,Yes,Yes,USB-C,Yes,Android,Octa,qualcomm,2.3,Yes,6,No,48,LED,32,404,75.23,159.53,189.6,Yes,No,No,September,2019,3,1080,2340,1,1,1,0,0,0,1,1,0,0
253,Vivo,4500,6.38,Yes,128,Yes,Yes,Yes,No,No,2.0,Nano,Yes,No,0,17990,Yes,Yes,Yes,Yes,Yes,USB-C,Yes,Android,Octa,qualcomm,2.3,Yes,8,No,48,LED,32,404,75.23,159.53,189.6,Yes,No,No,September,2019,3,1080,2340,1,1,1,0,0,0,1,1,0,0
254,Vivo,4500,6.38,Yes,128,Yes,Yes,Yes,No,No,2.0,Nano,Yes,No,0,14990,Yes,Yes,Yes,Yes,Yes,USB-C,Yes,Android,Octa,qualcomm,2.3,Yes,4,No,48,LED,32,404,75.23,159.53,189.6,Yes,No,No,September,2019,3,1080,2340,1,1,1,0,0,0,1,1,0,0
255,Vivo,4500,6.38,Yes,128,Yes,Yes,Yes,No,No,2.0,Nano,Yes,No,0,15990,Yes,Yes,Yes,Yes,Yes,USB-C,Yes,Android,Octa,qualcomm,2.3,Yes,6,No,48,LED,32,404,75.23,159.53,189.6,Yes,No,No,September,2019,3,1080,2340,1,1,1,0,0,0,1,1,0,0
256,Vivo,4500,6.38,Yes,128,Yes,Yes,Yes,No,No,2.0,Nano,Yes,No,0,16990,Yes,Yes,Yes,Yes,Yes,USB-C,Yes,Android,Octa,qualcomm,2.3,Yes,6,No,48,LED,32,404,75.23,159.53,189.6,Yes,No,No,September,2019,3,1080,2340,1,1,1,0,0,0,1,1,0,0
257,Vivo,4500,6.38,Yes,128,Yes,Yes,Yes,No,No,2.0,Nano,Yes,No,0,17990,Yes,Yes,Yes,Yes,Yes,USB-C,Yes,Android,Octa,qualcomm,2.3,Yes,8,No,48,LED,32,404,75.23,159.53,189.6,Yes,No,No,September,2019,3,1080,2340,1,1,1,0,0,0,1,1,0,0
258,Vivo,4500,6.38,Yes,128,Yes,Yes,Yes,No,No,2.0,Nano,Yes,No,0,14990,Yes,Yes,Yes,Yes,Yes,USB-C,Yes,Android,Octa,qualcomm,2.3,Yes,4,No,48,LED,32,404,75.23,159.53,189.6,Yes,No,No,September,2019,3,1080,2340,1,1,1,0,0,0,1,1,0,0
259,Xiaomi,5000,6.22,Yes,32,Yes,Yes,No,No,No,2.0,Nano,Yes,No,512,6999,Yes,Yes,Yes,Yes,Yes,USB-C,Yes,Android,Octa,qualcomm,2,Yes,3,Yes,12,LED,8,269,75.4,156.3,188,Yes,No,Yes,September,2019,1,720,1520,1,0,1,0,0,0,0,1,0,0
260,Xiaomi,5000,6.22,Yes,32,Yes,Yes,No,No,No,2.0,Nano,Yes,No,512,6499,Yes,Yes,Yes,Yes,Yes,USB-C,Yes,Android,Octa,qualcomm,2,Yes,2,Yes,12,LED,8,269,75.4,156.3,188,Yes,No,Yes,September,2019,1,720,1520,1,0,1,0,0,0,0,1,0,0
261,Xiaomi,5000,6.22,Yes,32,Yes,Yes,No,No,No,2.0,Nano,Yes,No,512,6999,Yes,Yes,Yes,Yes,Yes,USB-C,Yes,Android,Octa,qualcomm,2,Yes,3,Yes,12,LED,8,269,75.4,156.3,188,Yes,No,Yes,September,2019,1,720,1520,1,0,1,0,0,0,0,1,0,0
262,Xiaomi,5000,6.22,Yes,32,Yes,Yes,No,No,No,2.0,Nano,Yes,No,512,6499,Yes,Yes,Yes,Yes,Yes,USB-C,Yes,Android,Octa,qualcomm,2,Yes,2,Yes,12,LED,8,269,75.4,156.3,188,Yes,No,Yes,September,2019,1,720,1520,1,0,1,0,0,0,0,1,0,0
263,Xiaomi,4000,6.39,Yes,64,Yes,Yes,Yes,No,No,2.0,Nano,Yes,No,0,19995,Yes,Yes,Yes,Yes,Yes,USB-C,Yes,Android,Octa,qualcomm,2.2,Yes,6,No,48,Dual LED,20,403,74.3,156.7,191,Yes,No,No,May,2019,3,1080,2340,1,1,1,0,0,0,1,1,1,0
264,Xiaomi,4000,6.39,Yes,64,Yes,Yes,Yes,No,No,2.0,Nano,Yes,No,0,22999,Yes,Yes,Yes,Yes,Yes,USB-C,Yes,Android,Octa,qualcomm,2.2,Yes,6,No,48,Dual LED,20,403,74.3,156.7,191,Yes,No,No,May,2019,3,1080,2340,1,1,1,0,0,0,1,1,1,0
265,Xiaomi,4000,6.39,Yes,128,Yes,Yes,Yes,No,No,2.0,Nano,Yes,No,0,19995,Yes,Yes,Yes,Yes,Yes,USB-C,Yes,Android,Octa,qualcomm,2.2,Yes,6,No,48,Dual LED,20,403,74.3,156.7,191,Yes,No,No,May,2019,3,1080,2340,1,1,1,0,0,0,1,1,1,0
266,Xiaomi,4000,6.39,Yes,128,Yes,Yes,Yes,No,No,2.0,Nano,Yes,No,0,22999,Yes,Yes,Yes,Yes,Yes,USB-C,Yes,Android,Octa,qualcomm,2.2,Yes,6,No,48,Dual LED,20,403,74.3,156.7,191,Yes,No,No,May,2019,3,1080,2340,1,1,1,0,0,0,1,1,1,0
267,Samsung,3400,6.2,Yes,32,Yes,No,No,No,No,2.0,Nano,No,No,512,7990,Yes,Yes,Yes,Yes,Yes,microUSB,Yes,Android,Octa,samsung,1.6,Yes,2,No,13,LED,5,271,75.6,155.6,168,No,No,Yes,February,2019,1,720,1520,0,0,1,0,0,0,0,1,0,0
268,Xiaomi,3000,5.45,Yes,32,Yes,Yes,No,No,No,2.0,Nano,Yes,No,256,5415,Yes,Yes,Yes,Yes,Yes,microUSB,Yes,Android,Quad,mediatek,2,Yes,2,Yes,13,LED,5,295,71.5,147.5,145,No,No,Yes,June,2018,1,720,1440,1,1,1,0,0,0,0,1,0,0
269,Xiaomi,3000,5.45,Yes,32,Yes,Yes,No,No,No,2.0,Nano,Yes,No,256,5199,Yes,Yes,Yes,Yes,Yes,microUSB,Yes,Android,Quad,mediatek,2,Yes,2,Yes,13,LED,5,295,71.5,147.5,145,No,No,Yes,June,2018,1,1440,720,1,1,1,0,0,0,0,1,0,0
270,Lenovo,4050,6.3,Yes,64,Yes,Yes,Yes,No,No,2.0,Nano,Yes,No, 256,11999,Yes,Yes,Yes,Yes,Yes,USB-C,Yes,Android,Octa,qualcomm,2.2,Yes,6,Yes,16,LED,16,409,74.3,156.6,164,Yes,No,Yes,September,2019,3,1080,2340,1,1,1,0,0,0,0,1,0,0
271,Samsung,4000,6.4,Yes,32,Yes,No,Yes,No,No,2.0,Nano,No,No,512,10490,Yes,Yes,Yes,Yes,Yes,microUSB,Yes,Android,Octa,samsung,1.6,Yes,3,Yes,13,LED,8,268,74.7,158.4,169,No,No,Yes,March,2019,2,720,1560,0,1,1,0,0,0,0,1,0,0
272,Samsung,4000,6.4,Yes,64,Yes,No,Yes,No,No,2.0,Nano,Yes,No,512,12490,Yes,Yes,Yes,Yes,Yes,USB-C,Yes,Android,Octa,samsung,1.8,Yes,4,Yes,16,LED,16,403,74.5,158.5,,Yes,No,Yes,February,2019,2,1080,2340,0,1,1,0,0,0,0,1,0,0
273,Oppo,4065,6.6,Yes,256,Yes,Yes,Yes,No,Yes,2.0,Nano,Yes,No,0,36990,Yes,Yes,Yes,Yes,Yes,USB-C,Yes,Android,Octa,qualcomm,2.8,Yes,6,No,48,LED,16,387,77.2,162,215,Yes,No,Yes,April,2019,3,1080,2340,1,0,1,1,1,0,1,1,0,1
274,Oppo,4065,6.6,Yes,128,Yes,Yes,Yes,No,Yes,2.0,Nano,Yes,No,0,36990,Yes,Yes,Yes,Yes,Yes,USB-C,Yes,Android,Octa,qualcomm,2.8,Yes,6,No,48,LED,16,387,77.2,162,215,Yes,No,Yes,April,2019,3,1080,2340,1,0,1,1,1,0,1,1,0,1
275,Nokia,3000,5.71,Yes,16,Yes,Yes,No,No,No,2.0,Nano,No,No,400,6187,Yes,Yes,Yes,Yes,Yes,microUSB,Yes,Android,Quad,mediatek,2,Yes,3,Yes,13,LED,5,295,70.6,146,153,No,Yes,Yes,June,2019,1,720,1520,1,0,1,0,0,0,0,1,0,0
276,Nokia,3000,5.71,Yes,16,Yes,Yes,No,No,No,2.0,Nano,No,No,400,5160,Yes,Yes,Yes,Yes,Yes,microUSB,Yes,Android,Quad,mediatek,2,Yes,2,Yes,13,LED,5,295,70.56,145.96,153,No,Yes,Yes,June,2019,1,720,1520,1,0,1,0,0,0,0,1,0,0
277,Nokia,3000,5.71,Yes,32,Yes,Yes,No,No,No,2.0,Nano,No,No,400,6187,Yes,Yes,Yes,Yes,Yes,microUSB,Yes,Android,Quad,mediatek,2,Yes,3,Yes,13,LED,5,295,70.6,146,153,No,Yes,Yes,June,2019,1,720,1520,1,0,1,0,0,0,0,1,0,0
278,Nokia,3000,5.71,Yes,32,Yes,Yes,No,No,No,2.0,Nano,No,No,400,5160,Yes,Yes,Yes,Yes,Yes,microUSB,Yes,Android,Quad,mediatek,2,Yes,2,Yes,13,LED,5,295,70.56,145.96,153,No,Yes,Yes,June,2019,1,720,1520,1,0,1,0,0,0,0,1,0,0
279,Realme,4000,6.1,Yes,16,Yes,Yes,No,No,No,2.0,Nano,Yes,No,256,5999,Yes,Yes,Yes,Yes,Yes,microUSB,Yes,Android,Octa,mediatek,2,Yes,2,No,13,LED,5,282,73.7,154.3,166,No,No,Yes,April,2019,2,1560,720,1,1,1,0,1,0,0,1,0,0
280,Realme,4000,6.1,Yes,16,Yes,Yes,No,No,No,2.0,Nano,Yes,No,256,7299,Yes,Yes,Yes,Yes,Yes,microUSB,Yes,Android,Octa,mediatek,2,Yes,3,No,13,LED,5,409,73.7,154.3,165,No,No,Yes,April,2019,2,720,1560,1,1,1,0,1,0,0,1,0,0
281,Realme,4000,6.1,Yes,16,Yes,Yes,No,No,No,2.0,Nano,Yes,No,256,5999,Yes,Yes,Yes,Yes,Yes,microUSB,Yes,Android,Octa,mediatek,2,Yes,2,No,13,LED,5,282,73.7,154.3,166,No,No,Yes,April,2019,2,1560,720,1,1,1,0,1,0,0,1,0,0
282,Realme,4000,6.1,Yes,32,Yes,Yes,No,No,No,2.0,Nano,Yes,No,256,5999,Yes,Yes,Yes,Yes,Yes,microUSB,Yes,Android,Octa,mediatek,2,Yes,2,No,13,LED,5,282,73.7,154.3,166,No,No,Yes,April,2019,2,1560,720,1,1,1,0,1,0,0,1,0,0
283,Realme,4000,6.1,Yes,32,Yes,Yes,No,No,No,2.0,Nano,Yes,No,256,7299,Yes,Yes,Yes,Yes,Yes,microUSB,Yes,Android,Octa,mediatek,2,Yes,3,No,13,LED,5,409,73.7,154.3,165,No,No,Yes,April,2019,2,720,1560,1,1,1,0,1,0,0,1,0,0
284,Realme,4000,6.1,Yes,32,Yes,Yes,No,No,No,2.0,Nano,Yes,No,256,5999,Yes,Yes,Yes,Yes,Yes,microUSB,Yes,Android,Octa,mediatek,2,Yes,2,No,13,LED,5,282,73.7,154.3,166,No,No,Yes,April,2019,2,1560,720,1,1,1,0,1,0,0,1,0,0
285,Samsung,4000,6.2,Yes,32,Yes,Yes,Yes,No,No,2.0,Nano,Yes,No,512,9499,Yes,Yes,Yes,Yes,Yes,microUSB,Yes,Android,Octa,mediatek,2,Yes,3,Yes,13,LED,8,271,75.8,156.9,168,No,No,Yes,August,2019,2,720,1520,1,0,1,0,0,0,0,1,0,0
286,Samsung,4000,6.2,Yes,32,Yes,Yes,Yes,No,No,2.0,Nano,Yes,No,512,8499,Yes,Yes,Yes,Yes,Yes,microUSB,Yes,Android,Octa,mediatek,2,Yes,2,Yes,13,LED,8,271,75.8,156.9,168,No,No,Yes,August,2019,2,720,1520,1,0,1,0,0,0,0,1,0,0
287,Samsung,4000,6.2,Yes,32,Yes,Yes,Yes,No,No,2.0,Nano,Yes,No,512,9499,Yes,Yes,Yes,Yes,Yes,microUSB,Yes,Android,Octa,mediatek,2,Yes,3,Yes,13,LED,8,271,75.8,156.9,168,No,No,Yes,August,2019,2,720,1520,1,0,1,0,0,0,0,1,0,0
288,Samsung,4000,6.2,Yes,32,Yes,Yes,Yes,No,No,2.0,Nano,Yes,No,512,8499,Yes,Yes,Yes,Yes,Yes,microUSB,Yes,Android,Octa,mediatek,2,Yes,2,Yes,13,LED,8,271,75.8,156.9,168,No,No,Yes,August,2019,2,720,1520,1,0,1,0,0,0,0,1,0,0
289,Samsung,4000,6.5,Yes,64,Yes,Yes,Yes,No,No,2.0,Nano,Yes,No,512,13899,Yes,Yes,Yes,Yes,Yes,USB-C,Yes,Android,Octa,qualcomm,1.8,Yes,4,Yes,13,LED,8,264,77.5,163.3,183,Yes,No,Yes,September,2019,3,720,1560,1,1,1,0,0,0,1,1,0,0
290,Samsung,4000,6.5,Yes,64,Yes,Yes,Yes,No,No,2.0,Nano,Yes,No,512,11990,Yes,Yes,Yes,Yes,Yes,USB-C,Yes,Android,Octa,qualcomm,1.8,Yes,3,Yes,13,LED,8,264,77.5,163.3,183,Yes,No,Yes,September,2019,3,720,1560,1,1,1,0,0,0,1,1,0,0
291,Samsung,4000,6.5,Yes,32,Yes,Yes,Yes,No,No,2.0,Nano,Yes,No,512,13899,Yes,Yes,Yes,Yes,Yes,USB-C,Yes,Android,Octa,qualcomm,1.8,Yes,4,Yes,13,LED,8,264,77.5,163.3,183,Yes,No,Yes,September,2019,3,720,1560,1,1,1,0,0,0,1,1,0,0
292,Samsung,4000,6.5,Yes,32,Yes,Yes,Yes,No,No,2.0,Nano,Yes,No,512,11990,Yes,Yes,Yes,Yes,Yes,USB-C,Yes,Android,Octa,qualcomm,1.8,Yes,3,Yes,13,LED,8,264,77.5,163.3,183,Yes,No,Yes,September,2019,3,720,1560,1,1,1,0,0,0,1,1,0,0
293,Vivo,3260,6.3,Yes,64,Yes,Yes,Yes,No,No,2.0,Nano,Yes,No,256,13140,Yes,Yes,Yes,Yes,Yes,microUSB,Yes,Android,Octa,qualcomm,2.2,Yes,4,Yes,16,Dual LED,24,400,154.8,75.1,150,No,No,Yes,March,2018,2,2280,1080,1,1,1,0,0,0,1,1,0,0
294,Samsung,4000,6.4,Yes,128,Yes,Yes,Yes,Yes,Yes,2.0,Nano,Yes,No,512,50490,Yes,Yes,Yes,Yes,Yes,USB-C,Yes,Android,Octa,samsung,2.7,Yes,8,No,12,Dual LED,8,514,76.4,161.9,201,Yes,No,Yes,August,2018,2,1440,2960,1,1,1,0,0,1,1,1,0,0
295,Samsung,4000,6.4,Yes,128,Yes,Yes,Yes,Yes,Yes,2.0,Nano,Yes,No,512,50200,Yes,Yes,Yes,Yes,Yes,USB-C,Yes,Android,Octa,samsung,2.7,Yes,6,No,12,Dual LED,8,514,76.4,161.9,201,Yes,No,Yes,August,2018,2,1440,2960,1,1,1,0,0,1,1,1,0,0
296,Samsung,4000,6.4,Yes,512,Yes,Yes,Yes,Yes,Yes,2.0,Nano,Yes,No,512,50490,Yes,Yes,Yes,Yes,Yes,USB-C,Yes,Android,Octa,samsung,2.7,Yes,8,No,12,Dual LED,8,514,76.4,161.9,201,Yes,No,Yes,August,2018,2,1440,2960,1,1,1,0,0,1,1,1,0,0
297,Samsung,4000,6.4,Yes,512,Yes,Yes,Yes,Yes,Yes,2.0,Nano,Yes,No,512,50200,Yes,Yes,Yes,Yes,Yes,USB-C,Yes,Android,Octa,samsung,2.7,Yes,6,No,12,Dual LED,8,514,76.4,161.9,201,Yes,No,Yes,August,2018,2,1440,2960,1,1,1,0,0,1,1,1,0,0
298,Xiaomi,4000,6.3,Yes,64,Yes,Yes,Yes,No,No,2.0,Nano,Yes,No, 256,10999,Yes,Yes,Yes,Yes,Yes,USB-C,Yes,Android,Octa,qualcomm,2,Yes,6,Yes,48,Dual LED,13,409,75.2,159.2,186,Yes,No,Yes,February,2019,2,1080,2340,1,1,1,0,0,0,1,1,0,0
299,Xiaomi,4000,6.3,Yes,64,Yes,Yes,Yes,No,No,2.0,Nano,Yes,No, 256,9999,Yes,Yes,Yes,Yes,Yes,USB-C,Yes,Android,Octa,qualcomm,2,Yes,4,Yes,48,Dual LED,13,409,75.2,159.2,186,Yes,No,Yes,February,2019,2,1080,2340,1,1,1,0,0,0,1,1,0,0
300,Xiaomi,4000,6.3,Yes,64,Yes,Yes,Yes,No,No,2.0,Nano,Yes,No, 256,12990,Yes,Yes,Yes,Yes,Yes,USB-C,Yes,Android,Octa,qualcomm,2,Yes,6,Yes,48,Dual LED,13,409,75.2,159.2,186,Yes,No,Yes,February,2019,2,1080,2340,1,1,1,0,0,0,1,1,0,0
301,Xiaomi,4000,6.3,Yes,128,Yes,Yes,Yes,No,No,2.0,Nano,Yes,No, 256,10999,Yes,Yes,Yes,Yes,Yes,USB-C,Yes,Android,Octa,qualcomm,2,Yes,6,Yes,48,Dual LED,13,409,75.2,159.2,186,Yes,No,Yes,February,2019,2,1080,2340,1,1,1,0,0,0,1,1,0,0
302,Xiaomi,4000,6.3,Yes,128,Yes,Yes,Yes,No,No,2.0,Nano,Yes,No, 256,9999,Yes,Yes,Yes,Yes,Yes,USB-C,Yes,Android,Octa,qualcomm,2,Yes,4,Yes,48,Dual LED,13,409,75.2,159.2,186,Yes,No,Yes,February,2019,2,1080,2340,1,1,1,0,0,0,1,1,0,0
303,Xiaomi,4000,6.3,Yes,128,Yes,Yes,Yes,No,No,2.0,Nano,Yes,No, 256,12990,Yes,Yes,Yes,Yes,Yes,USB-C,Yes,Android,Octa,qualcomm,2,Yes,6,Yes,48,Dual LED,13,409,75.2,159.2,186,Yes,No,Yes,February,2019,2,1080,2340,1,1,1,0,0,0,1,1,0,0
304,Xiaomi,4000,6.3,Yes,64,Yes,Yes,Yes,No,No,2.0,Nano,Yes,No, 256,10999,Yes,Yes,Yes,Yes,Yes,USB-C,Yes,Android,Octa,qualcomm,2,Yes,6,Yes,48,Dual LED,13,409,75.2,159.2,186,Yes,No,Yes,February,2019,2,1080,2340,1,1,1,0,0,0,1,1,0,0
305,Xiaomi,4000,6.3,Yes,64,Yes,Yes,Yes,No,No,2.0,Nano,Yes,No, 256,9999,Yes,Yes,Yes,Yes,Yes,USB-C,Yes,Android,Octa,qualcomm,2,Yes,4,Yes,48,Dual LED,13,409,75.2,159.2,186,Yes,No,Yes,February,2019,2,1080,2340,1,1,1,0,0,0,1,1,0,0
306,Xiaomi,4000,6.3,Yes,64,Yes,Yes,Yes,No,No,2.0,Nano,Yes,No, 256,12990,Yes,Yes,Yes,Yes,Yes,USB-C,Yes,Android,Octa,qualcomm,2,Yes,6,Yes,48,Dual LED,13,409,75.2,159.2,186,Yes,No,Yes,February,2019,2,1080,2340,1,1,1,0,0,0,1,1,0,0
307,Xiaomi,5000,6.22,Yes,64,Yes,Yes,Yes,No,No,2.0,Nano,Yes,No,512,7999,Yes,Yes,Yes,Yes,Yes,USB-C,Yes,Android,Octa,qualcomm,2,Yes,4,Yes,12,LED,8,271,75.4,156.3,188,Yes,No,Yes,October,2019,2,720,1520,1,1,1,0,0,0,0,1,0,0
308,Xiaomi,5000,6.22,Yes,64,Yes,Yes,Yes,No,No,2.0,Nano,Yes,No,512,11525,Yes,Yes,Yes,Yes,Yes,USB-C,Yes,Android,Octa,qualcomm,2,Yes,3,Yes,12,LED,8,271,75.4,156.3,188,Yes,No,Yes,October,2019,2,720,1520,1,1,1,0,0,0,0,1,0,0
309,Xiaomi,3000,5.45,Yes,64,Yes,Yes,Yes,No,No,2.0,Nano,Yes,No,256,7777,Yes,Yes,Yes,Yes,Yes,microUSB,Yes,Android,Octa,mediatek,2,Yes,3,Yes,12,LED,5,295,147.5,71.5,146,No,No,Yes,June,2018,2,1440,720,1,1,1,0,0,0,1,1,0,0
310,Xiaomi,3000,5.45,Yes,64,Yes,Yes,Yes,No,No,2.0,Nano,Yes,No,256,7180,Yes,Yes,Yes,Yes,Yes,microUSB,Yes,Android,Octa,mediatek,2,Yes,3,Yes,12,LED,5,295,147.5,71.5,146,No,No,Yes,June,2018,2,1440,720,1,1,1,0,0,0,1,1,0,0
311,Xiaomi,3000,5.45,Yes,32,Yes,Yes,Yes,No,No,2.0,Nano,Yes,No,256,7777,Yes,Yes,Yes,Yes,Yes,microUSB,Yes,Android,Octa,mediatek,2,Yes,3,Yes,12,LED,5,295,147.5,71.5,146,No,No,Yes,June,2018,2,1440,720,1,1,1,0,0,0,1,1,0,0
312,Xiaomi,3000,5.45,Yes,32,Yes,Yes,Yes,No,No,2.0,Nano,Yes,No,256,7180,Yes,Yes,Yes,Yes,Yes,microUSB,Yes,Android,Octa,mediatek,2,Yes,3,Yes,12,LED,5,295,147.5,71.5,146,No,No,Yes,June,2018,2,1440,720,1,1,1,0,0,0,1,1,0,0
313,Vivo,4030,6.22,Yes,64,Yes,Yes,Yes,No,No,2.0,Nano,No,No, 256,11299,Yes,Yes,Yes,Yes,Yes,microUSB,Yes,Android,Octa,qualcomm,1.95,Yes,4,Yes,13,LED,20,270,75.1,155.1,163.5,No,No,Yes,November,2018,2,1520,720,1,1,1,0,0,0,0,1,0,0
314,Xiaomi,4000,5.45,Yes,16,Yes,Yes,No,No,No,2.0,Nano,Yes,No,256,4999,Yes,Yes,Yes,Yes,Yes,microUSB,Yes,Android,Octa,qualcomm,2,Yes,2,Yes,12,LED,5,295,70.4,146.3,165,Yes,No,Yes,May,2019,1,720,1440,1,1,1,0,0,0,0,1,0,0
315,Xiaomi,4000,5.45,Yes,16,Yes,Yes,No,No,No,2.0,Nano,Yes,No,256,5499,Yes,Yes,Yes,Yes,Yes,microUSB,Yes,Android,Octa,qualcomm,2,Yes,2,Yes,12,LED,5,295,70.4,146.3,165,Yes,No,Yes,May,2019,1,720,1440,1,1,1,0,0,0,0,1,0,0
316,Apple,2716,5.8,Yes,64,Yes,Yes,No,Yes,Yes,1.0,Nano,Yes,No,0,81000,Yes,Yes,Yes,Yes,Yes,Proprietary,Yes,iOS,Hexa,apple,2.39,Yes,3,No,12,LED,7,463,70.9,143.6,174,Yes,No,No,September,2017,2,1125,2436,1,1,1,0,0,0,1,1,0,0
317,Apple,2716,5.8,Yes,64,Yes,Yes,No,Yes,Yes,1.0,Nano,Yes,No,0,87699,Yes,Yes,Yes,Yes,Yes,Proprietary,Yes,iOS,Hexa,apple,2.39,Yes,3,No,12,LED,7,463,70.9,143.6,174,Yes,No,No,September,2017,2,1125,2436,1,1,1,0,0,0,1,1,0,0
318,Xiaomi,3080,5.5,Yes,64,Yes,No,Yes,No,No,2.0,Nano,Yes,No,128,10299,Yes,Yes,Yes,Yes,Yes,,Yes,Android,Octa,qualcomm,2,Yes,4,Yes,12,Dual LED,5,401,75.8,155.4,165,No,No,Yes,September,2017,2,1080,1920,1,1,1,0,0,0,1,1,0,0
319,Xiaomi,4000,6.26,Yes,32,Yes,Yes,Yes,No,No,2.0,Nano,Yes,No,512,11126,Yes,Yes,Yes,Yes,Yes,microUSB,Yes,Android,Octa,qualcomm,1.8,Yes,3,Yes,12,LED,8,271,76.4,158.65,180,No,No,Yes,March,2019,2,720,1520,1,1,1,0,0,0,0,1,0,0
320,Xiaomi,4000,6.26,Yes,32,Yes,Yes,Yes,No,No,2.0,Nano,Yes,No,512,14236,Yes,Yes,Yes,Yes,Yes,microUSB,Yes,Android,Octa,qualcomm,1.8,Yes,4,Yes,12,LED,8,271,76.4,158.65,180,No,No,Yes,March,2019,2,720,1520,1,1,1,0,0,0,0,1,0,0
321,Xiaomi,4000,6.26,Yes,32,Yes,Yes,Yes,No,No,2.0,Nano,Yes,No,512,7498,Yes,Yes,Yes,Yes,Yes,microUSB,Yes,Android,Octa,qualcomm,1.8,Yes,2,Yes,12,LED,8,271,76.4,158.65,180,No,No,Yes,March,2019,2,720,1520,1,1,1,0,0,0,0,1,0,0
322,Xiaomi,4000,6.26,Yes,32,Yes,Yes,Yes,No,No,2.0,Nano,Yes,No,512,7999,Yes,Yes,Yes,Yes,Yes,microUSB,Yes,Android,Octa,qualcomm,1.8,Yes,3,Yes,12,LED,8,271,76.4,158.65,180,No,No,Yes,March,2019,2,720,1520,1,1,1,0,0,0,0,1,0,0
323,Xiaomi,4000,6.26,Yes,32,Yes,Yes,Yes,No,No,2.0,Nano,Yes,No,512,11126,Yes,Yes,Yes,Yes,Yes,microUSB,Yes,Android,Octa,qualcomm,1.8,Yes,3,Yes,12,LED,8,271,76.4,158.65,180,No,No,Yes,March,2019,2,720,1520,1,1,1,0,0,0,0,1,0,0
324,Xiaomi,4000,6.26,Yes,32,Yes,Yes,Yes,No,No,2.0,Nano,Yes,No,512,14236,Yes,Yes,Yes,Yes,Yes,microUSB,Yes,Android,Octa,qualcomm,1.8,Yes,4,Yes,12,LED,8,271,76.4,158.65,180,No,No,Yes,March,2019,2,720,1520,1,1,1,0,0,0,0,1,0,0
325,Xiaomi,4000,6.26,Yes,32,Yes,Yes,Yes,No,No,2.0,Nano,Yes,No,512,7498,Yes,Yes,Yes,Yes,Yes,microUSB,Yes,Android,Octa,qualcomm,1.8,Yes,2,Yes,12,LED,8,271,76.4,158.65,180,No,No,Yes,March,2019,2,720,1520,1,1,1,0,0,0,0,1,0,0
326,Xiaomi,4000,6.26,Yes,32,Yes,Yes,Yes,No,No,2.0,Nano,Yes,No,512,7999,Yes,Yes,Yes,Yes,Yes,microUSB,Yes,Android,Octa,qualcomm,1.8,Yes,3,Yes,12,LED,8,271,76.4,158.65,180,No,No,Yes,March,2019,2,720,1520,1,1,1,0,0,0,0,1,0,0
327,Nokia,3060,5.86,Yes,32,Yes,Yes,Yes,No,No,2.0,Nano,Yes,No,400,9400,Yes,Yes,Yes,Yes,Yes,USB-C,Yes,Android,Octa,mediatek,1.8,Yes,4,Yes,13,LED,8,287,72,149.5,151,No,No,Yes,August,2018,2,1520,720,1,1,1,0,0,0,1,1,0,0
328,Nokia,3060,5.86,Yes,32,Yes,Yes,Yes,No,No,2.0,Nano,Yes,No,400,6999,Yes,Yes,Yes,Yes,Yes,USB-C,Yes,Android,Octa,mediatek,1.8,Yes,3,Yes,13,LED,8,287,72,149.5,151,No,No,Yes,August,2018,2,1520,720,1,1,1,0,0,0,1,1,0,0
329,Samsung,3000,5.1,Yes,32,Yes,No,Yes,No,Yes,2.0,Nano,Yes,No,200,22999,Yes,Yes,Yes,Yes,Yes,microUSB,Yes,Android,Octa,samsung,2.3,Yes,4,No,12,LED,5,577,69.59,142.4,152,No,No,Yes,February,2016,1,1440,2560,1,1,1,0,0,0,1,1,0,0
330,Lenovo,3000,5.7,Yes,32,Yes,Yes,Yes,No,No,2.0,Nano,No,No, 256,5999,Yes,Yes,Yes,Yes,Yes,USB-C,Yes,Android,Octa,mediatek,2,Yes,3,Yes,13,Dual LED,13,282,72.9,153.8,155,No,No,Yes,October,2018,2,1440,720,1,0,1,0,0,0,0,1,0,0
331,Samsung,4500,6.7,Yes,128,Yes,Yes,Yes,No,No,2.0,Nano,Yes,No,512,22990,Yes,Yes,Yes,Yes,Yes,USB-C,Yes,Android,Octa,qualcomm,2,Yes,6,Yes,32,LED,32,385,76.7,164.3,,Yes,No,Yes,March,2019,3,1080,2400,1,1,1,0,0,0,1,1,0,0
332,Samsung,4500,6.7,Yes,128,Yes,Yes,Yes,No,No,2.0,Nano,Yes,No,512,27699,Yes,Yes,Yes,Yes,Yes,USB-C,Yes,Android,Octa,qualcomm,2,Yes,8,Yes,32,LED,32,385,76.7,164.2,,Yes,No,Yes,March,2019,3,1080,2400,1,1,1,0,0,0,1,1,0,0
333,Samsung,3500,6.3,Yes,128,No,Yes,Yes,No,Yes,2.0,Nano,Yes,No,512,16999,Yes,Yes,Yes,Yes,Yes,USB-C,Yes,Android,Octa,qualcomm,2,Yes,6,Yes,32,LED,16,409,73.9,155.3,168,Yes,No,Yes,June,2019,3,1080,2340,1,1,1,0,0,0,1,1,0,0
334,Lenovo,2900,5.5,Yes,16,Yes,No,No,No,No,2.0,Micro,No,No,32,5999,Yes,Yes,Yes,Yes,1,microUSB,Yes,Android,Octa,qualicom,1.7,Yes,2,Yes,13,Dual LED,5,401,76.2,152.6,150,No,Yes,Yes,March,2015,1,1080,1920,1,1,1,0,0,0,1,1,0,0
335,Samsung,3000,5.5,Yes,16,Yes,No,No,No,No,2.0,Micro,Yes,No,256,9399,Yes,Yes,Yes,Yes,Yes,microUSB,Yes,Android,Quad,samsung,1.4,Yes,3,Yes,13,LED,5,267,77.2,151.69,175,No,Yes,Yes,May,2018,1,720,1280,0,0,1,0,0,0,0,1,0,0
336,Samsung,3000,5.5,Yes,32,Yes,No,No,No,No,2.0,Micro,Yes,No,256,9399,Yes,Yes,Yes,Yes,Yes,microUSB,Yes,Android,Quad,samsung,1.4,Yes,3,Yes,13,LED,5,267,77.2,151.69,175,No,Yes,Yes,May,2018,1,720,1280,0,0,1,0,0,0,0,1,0,0
337,Vivo,3285,6.0,Yes,16,Yes,No,No,No,No,2.0,Nano,No,No,256,7990,Yes,No,1,Yes,Yes,microUSB,Yes,Android,Quad,qualcomm,1.4,Yes,2,Yes,8,LED,5,268,75.7,155.8,150,No,No,Yes,July,2018,1,720,1440,1,0,1,0,0,0,0,1,0,0
338,Nokia,3500,6.0,Yes,32,Yes,Yes,Yes,No,No,2.0,Nano,Yes,No, 400,6675,Yes,Yes,Yes,Yes,Yes,microUSB,Yes,Android,Octa,mediatek,1.5,Yes,3,Yes,13,LED,8,268,76.44,156.68,180.0,No,No,Yes,October,2018,2,720,1440,1,1,1,0,0,0,1,1,0,0
339,Realme,5000,6.52,Yes,64,Yes,Yes,Yes,No,No,2.0,Nano,Yes,No,256,8999,Yes,Yes,Yes,Yes,Yes,microUSB,Yes,Android,Octa,qualcomm,2,Yes,4,Yes,12,LED,8,269,75,164.4,195,No,No,Yes,January,2020,4,720,1600,1,0,1,1,0,0,1,1,0,0
340,Realme,4045,6.3,Yes,64,Yes,Yes,Yes,No,No,2.0,Nano,Yes,No,256,11999,Yes,Yes,Yes,Yes,Yes,microUSB,Yes,Android,Octa,qualcomm,2.2,Yes,6,Yes,16,LED,25,409,74.2,156.8,172,Yes,No,Yes,April,2019,2,1080,2340,1,1,1,0,1,0,0,1,0,0
341,Realme,4045,6.3,Yes,64,Yes,Yes,Yes,No,No,2.0,Nano,Yes,No,256,12999,Yes,Yes,Yes,Yes,Yes,microUSB,Yes,Android,Octa,qualcomm,2.2,Yes,6,Yes,16,LED,25,409,74.2,156.8,172,Yes,No,Yes,April,2019,2,1080,2340,1,1,1,0,1,0,0,1,0,0
342,Realme,4045,6.3,Yes,64,Yes,Yes,Yes,No,No,2.0,Nano,Yes,No,256,11499,Yes,Yes,Yes,Yes,Yes,microUSB,Yes,Android,Octa,qualcomm,2.2,Yes,4,Yes,16,LED,25,409,74.2,156.8,172,Yes,No,Yes,April,2019,2,1080,2340,1,1,1,0,1,0,0,1,0,0
343,Realme,4045,6.3,Yes,128,Yes,Yes,Yes,No,No,2.0,Nano,Yes,No,256,11999,Yes,Yes,Yes,Yes,Yes,microUSB,Yes,Android,Octa,qualcomm,2.2,Yes,6,Yes,16,LED,25,409,74.2,156.8,172,Yes,No,Yes,April,2019,2,1080,2340,1,1,1,0,1,0,0,1,0,0
344,Realme,4045,6.3,Yes,128,Yes,Yes,Yes,No,No,2.0,Nano,Yes,No,256,12999,Yes,Yes,Yes,Yes,Yes,microUSB,Yes,Android,Octa,qualcomm,2.2,Yes,6,Yes,16,LED,25,409,74.2,156.8,172,Yes,No,Yes,April,2019,2,1080,2340,1,1,1,0,1,0,0,1,0,0
345,Realme,4045,6.3,Yes,128,Yes,Yes,Yes,No,No,2.0,Nano,Yes,No,256,11499,Yes,Yes,Yes,Yes,Yes,microUSB,Yes,Android,Octa,qualcomm,2.2,Yes,4,Yes,16,LED,25,409,74.2,156.8,172,Yes,No,Yes,April,2019,2,1080,2340,1,1,1,0,1,0,0,1,0,0
346,Infinix,4000,6.19,Yes,64,Yes,Yes,Yes,No,No,2.0,Nano,Yes,No,256,7999,Yes,Yes,Yes,Yes,No,microUSB,Yes,Android,Octa,mediatek,2.39,Yes,4,Yes,13,Dual LED,13,271,74.8,153.9,159,No,No,Yes,July,2019,2,1500,720,1,1,1,0,0,0,0,1,0,0
347,Micromax,4000,6.19,Yes,32,Yes,Yes,Yes,No,No,2.0,Nano,Yes,No,128,6690,Yes,Yes,Yes,Yes,Yes,microUSB,Yes,Android,Octa,mediatek,2,Yes,3,Yes,13,LED,16,269,76.2,156,164,No,No,Yes,December,2018,2,1500,720,1,0,1,0,0,0,1,1,0,0
348,Coolpad,4000,6.22,No,64,Yes,Yes,Yes,No,No,2.0,Nano,No,No, 128,6999,Yes,Yes,Yes,Yes,Yes,USB-C,Yes,Android,Octa,mediatek,2,Yes,4,Yes,13,LED,16,295,76,157,145,Yes,No,Yes,October,2019,2,720,1520,1,0,1,0,0,0,0,1,0,0
349,Nokia,4000,6.2,Yes,32,Yes,Yes,No,No,No,2.0,Nano,Yes,No,400,8150,Yes,Yes,Yes,Yes,Yes,microUSB,Yes,Android,Quad,mediatek,2,Yes,2,Yes,13,LED,5,295,75.41,157.69,183,No,No,Yes,December,2019,2,720,1520,1,0,1,0,0,0,0,1,0,0
350,Samsung,2600,5.0,Yes,16,Yes,No,No,No,No,2.0,Nano,Yes,No, 256,5290,Yes,Yes,Yes,Yes,1,microUSB,Yes,Android,Octa,samsung,1.6,Yes,1,Yes,8,LED,5,220,,,,No,No,Yes,April,2019,1,540,960,0,0,1,0,0,0,0,1,0,0
351,Micromax,4000,6.19,Yes,32,Yes,Yes,Yes,No,No,2.0,Nano,Yes,No,128,5961,Yes,Yes,Yes,Yes,Yes,,Yes,Android,Octa,mediatek,2,Yes,2,Yes,13,LED,8,269,,,,No,No,Yes,December,2018,2,1500,720,1,0,1,0,0,0,0,1,0,0
352,Nokia,4000,6.26,Yes,32,Yes,Yes,Yes,No,No,2.0,Nano,No,No,400,7899,Yes,Yes,Yes,Yes,Yes,microUSB,Yes,Android,Quad,qualcomm,1.8,Yes,3,Yes,13,LED,5,269,76.24,159.44,181,No,No,Yes,February,2019,1,720,1520,1,0,1,0,0,0,0,1,0,0
353,Nokia,4000,6.26,Yes,16,Yes,Yes,Yes,No,No,2.0,Nano,No,No,400,7899,Yes,Yes,Yes,Yes,Yes,microUSB,Yes,Android,Quad,qualcomm,1.8,Yes,3,Yes,13,LED,5,269,76.24,159.44,181,No,No,Yes,February,2019,1,720,1520,1,0,1,0,0,0,0,1,0,0
354,Lenovo,4000,6.39,Yes,128,Yes,Yes,Yes,No,No,2.0,Nano,Yes,No,1000,33999,Yes,Yes,Yes,Yes,Yes,USB-C,Yes,Android,Octa,qualcomm,2.8,Yes,8,Yes,48,Dual LED,32,403,74.6,157.5,185,Yes,No,Yes,April,2019,4,1080,2340,1,1,1,0,0,0,1,1,0,0
355,Tecno,3500,6.2,No,32,Yes,Yes,Yes,No,No,2.0,Nano,Yes,No,256,9599,Yes,No,1,Yes,Yes,microUSB,Yes,Android,Quad,mediatek,2,Yes,4,Yes,13,LED,16,269,75.80,156.90,140,No,No,Yes,March,2019,3,1520,720,1,0,1,1,0,0,1,1,0,0
356,Tecno,3500,6.2,No,64,Yes,Yes,Yes,No,No,2.0,Nano,Yes,No,256,9599,Yes,No,1,Yes,Yes,microUSB,Yes,Android,Quad,mediatek,2,Yes,4,Yes,13,LED,16,269,75.80,156.90,140,No,No,Yes,March,2019,3,1520,720,1,0,1,1,0,0,1,1,0,0
357,Tecno,3500,6.2,No,32,Yes,Yes,Yes,No,No,2.0,Nano,Yes,No,256,9599,Yes,No,1,Yes,Yes,microUSB,Yes,Android,Quad,mediatek,2,Yes,4,Yes,13,LED,16,269,75.80,156.90,140,No,No,Yes,March,2019,3,1520,720,1,0,1,1,0,0,1,1,0,0
358,LG,4050,6.22,Yes,64,Yes,Yes,Yes,No,No,2.0,Nano,Yes,No, 512,12379,Yes,Yes,Yes,Yes,Yes,USB-C,Yes,Android,Octa,qualcomm,1.8,Yes,4,Yes,13,LED,16,267,75.9,157.7,172,Yes,No,Yes,June,2019,3,720,1520,1,1,1,0,0,0,1,1,0,0
359,Samsung,4380,4.6,Yes,512,No,Yes,Yes,Yes,Yes,2.0,eSIM,Yes,No,0,164999,Yes,Yes,Yes,Yes,Yes,USB-C,Yes,Android,Octa,qualcomm,2.8,Yes,12,No,16,LED,10,362,62.8,160.9,276,Yes,No,No,February,2019,3,1536,2152,1,0,1,1,0,0,1,1,0,0
360,Xiaomi,4000,5.99,Yes,64,Yes,Yes,Yes,No,No,2.0,Nano,Yes,No,128,8790,Yes,Yes,Yes,Yes,Yes,microUSB,Yes,Android,Octa,qualcomm,1.8,Yes,4,Yes,12,Dual LED,20,403,75.4,158.6,181,Yes,No,Yes,February,2018,2,1080,2160,1,1,1,0,0,0,1,1,0,0
361,Xiaomi,4000,5.99,Yes,64,Yes,Yes,Yes,No,No,2.0,Nano,Yes,No,128,11700,Yes,Yes,Yes,Yes,Yes,microUSB,Yes,Android,Octa,qualcomm,1.8,Yes,6,Yes,12,Dual LED,20,403,75.4,158.6,181,Yes,No,Yes,February,2018,2,1080,2160,1,1,1,0,0,0,1,1,0,0
362,Xiaomi,4000,5.99,Yes,64,Yes,Yes,Yes,No,No,2.0,Nano,Yes,No,128,8790,Yes,Yes,Yes,Yes,Yes,microUSB,Yes,Android,Octa,qualcomm,1.8,Yes,4,Yes,12,Dual LED,20,403,75.4,158.6,181,Yes,No,Yes,February,2018,2,1080,2160,1,1,1,0,0,0,1,1,0,0
363,Xiaomi,4000,5.99,Yes,64,Yes,Yes,Yes,No,No,2.0,Nano,Yes,No,128,11700,Yes,Yes,Yes,Yes,Yes,microUSB,Yes,Android,Octa,qualcomm,1.8,Yes,6,Yes,12,Dual LED,20,403,75.4,158.6,181,Yes,No,Yes,February,2018,2,1080,2160,1,1,1,0,0,0,1,1,0,0
364,Xiaomi,3000,5.99,Yes,64,No,No,Yes,No,Yes,2.0,Nano,Yes,No,0,10300,Yes,Yes,Yes,Yes,Yes,USB-C,Yes,Android,Octa,qualcomm,2.2,Yes,6,No,20,Dual LED,20,403,75.4,158.7,166,Yes,No,No,July,2018,2,1080,2160,1,1,1,0,0,0,1,1,0,0
365,Xiaomi,3000,5.99,Yes,64,No,No,Yes,No,Yes,2.0,Nano,Yes,No,0,8599,Yes,Yes,Yes,Yes,Yes,USB-C,Yes,Android,Octa,qualcomm,2.2,Yes,4,No,20,Dual LED,20,403,75.4,158.7,166,Yes,No,No,July,2018,2,1080,2160,1,1,1,0,0,0,1,1,0,0
366,Xiaomi,3000,5.99,Yes,128,No,No,Yes,No,Yes,2.0,Nano,Yes,No,0,10300,Yes,Yes,Yes,Yes,Yes,USB-C,Yes,Android,Octa,qualcomm,2.2,Yes,6,No,20,Dual LED,20,403,75.4,158.7,166,Yes,No,No,July,2018,2,1080,2160,1,1,1,0,0,0,1,1,0,0
367,Xiaomi,3000,5.99,Yes,128,No,No,Yes,No,Yes,2.0,Nano,Yes,No,0,8599,Yes,Yes,Yes,Yes,Yes,USB-C,Yes,Android,Octa,qualcomm,2.2,Yes,4,No,20,Dual LED,20,403,75.4,158.7,166,Yes,No,No,July,2018,2,1080,2160,1,1,1,0,0,0,1,1,0,0
368,Samsung,3600,5.5,Yes,64,Yes,No,Yes,No,Yes,2.0,Nano,Yes,No,128,16900,Yes,Yes,Yes,Yes,Yes,microUSB,Yes,Android,Octa,samsung,1.6,Yes,3,Yes,13,LED,13,401,74.7,152.4,,No,No,Yes,June,2017,1,1080,1920,1,1,1,0,0,0,1,1,0,0
369,Lenovo,4000,5.2,Yes,32,Yes,No,Yes,No,No,2.0,Nano,No,No,128,6734,Yes,Yes,Yes,Yes,Yes,microUSB,Yes,Android,Octa,mediatek,2.5,Yes,3,Yes,13,Dual LED,8,424,73.7,147.9,165,No,No,Yes,September,2017,2,1080,1920,1,1,1,0,0,0,1,1,0,0
370,Lenovo,4000,5.2,Yes,32,Yes,No,Yes,No,No,2.0,Nano,No,No,128,6734,Yes,Yes,Yes,Yes,Yes,microUSB,Yes,Android,Octa,mediatek,2.5,Yes,3,Yes,13,Dual LED,8,424,73.7,147.9,165,No,No,Yes,September,2017,2,1080,1920,1,1,1,0,0,0,1,1,0,0
371,Google,3430,6.3,Yes,64,Yes,No,Yes,Yes,Yes,1.0,Nano,Yes,No,0,54999,Yes,Yes,Yes,Yes,Yes,USB-C,Yes,Android,Octa,qualcomm,2.8,Yes,4,No,12.2,Dual LED,8,407,76.7,158,184,Yes,No,No,October,2018,1,1440,2960,1,1,1,0,0,0,1,1,0,0
372,Nokia,3000,5.2,Yes,16,Yes,No,Yes,No,Yes,2.0,Nano,Yes,No,128,6485,Yes,Yes,Yes,Yes,Yes,microUSB,Yes,Android,Octa,qualcomm,1.4,Yes,3,Yes,13,Dual LED,8,282,72.5,149.69,160,No,No,Yes,February,2017,1,720,1280,1,1,1,0,0,0,1,1,0,0
373,Nokia,2630,5.0,Yes,16,Yes,No,No,No,No,2.0,Micro,Yes,No,128,5100,Yes,Yes,Yes,Yes,Yes,microUSB,Yes,Android,Quad,mediatek,1.4,Yes,2,Yes,8,LED,8,294,71.4,143.4,140,No,No,Yes,February,2017,1,720,1280,1,1,1,0,0,0,1,1,0,0
374,Motorola,3000,5.2,Yes,64,Yes,No,Yes,No,Yes,2.0,Nano,Yes,No,2000,13849,Yes,Yes,Yes,Yes,Yes,,Yes,Android,Octa,qualcomm,2.2,Yes,6,Yes,12,Dual LED,16,424,73.4,148.4,163,No,No,Yes,November,2017,2,1080,1920,1,1,1,0,0,0,1,1,0,0
375,Motorola,3000,5.2,Yes,32,Yes,No,Yes,No,Yes,2.0,Nano,Yes,No,2000,13849,Yes,Yes,Yes,Yes,Yes,,Yes,Android,Octa,qualcomm,2.2,Yes,6,Yes,12,Dual LED,16,424,73.4,148.4,163,No,No,Yes,November,2017,2,1080,1920,1,1,1,0,0,0,1,1,0,0
376,Micromax,2900,5.7,Yes,32,Yes,No,Yes,No,No,2.0,Micro,Yes,No,128,4990,Yes,Yes,Yes,Yes,Yes,microUSB,Yes,Android,Quad,qualcomm,1.4,Yes,3,Yes,13,LED,16,282,,,,No,Yes,Yes,August,2017,1,720,1440,1,0,1,0,0,0,0,1,0,0
377,Micromax,3000,5.7,Yes,64,Yes,No,Yes,No,No,2.0,Nano,Yes,No,128,6699,Yes,Yes,Yes,Yes,Yes,,Yes,Android,Octa,qualcomm,1.4,Yes,4,Yes,16,LED,20,282,72.8,152.3,,No,No,Yes,December,2017,1,1440,720,1,1,1,0,0,0,1,1,0,0
378,Micromax,3000,5.5,Yes,32,Yes,No,Yes,No,No,2.0,Nano,Yes,No,64,4999,Yes,Yes,Yes,Yes,Yes,,Yes,Android,Octa,mediatek,1.5,Yes,4,Yes,13,LED,5,401,76.4,154,,No,No,Yes,August,2017,2,1920,1080,1,1,1,0,0,0,1,1,0,0
